{
  "tradable-securities-uuid" : {
    "transaction" : "tradable-securities-uuid",
    "sampleCount" : 991,
    "errorCount" : 991,
    "errorPct" : 100.0,
    "meanResTime" : 119.74672048435934,
    "medianResTime" : 111.0,
    "minResTime" : 97.0,
    "maxResTime" : 1334.0,
    "pct1ResTime" : 124.0,
    "pct2ResTime" : 140.0,
    "pct3ResTime" : 331.4000000000002,
    "throughput" : 16.541754995075863,
    "receivedKBytesPerSec" : 15.414133310520958,
    "sentKBytesPerSec" : 2.9723466006776946
  },
  "yield-curves" : {
    "transaction" : "yield-curves",
    "sampleCount" : 243,
    "errorCount" : 243,
    "errorPct" : 100.0,
    "meanResTime" : 37.090534979423865,
    "medianResTime" : 32.0,
    "minResTime" : 20.0,
    "maxResTime" : 685.0,
    "pct1ResTime" : 48.0,
    "pct2ResTime" : 57.39999999999995,
    "pct3ResTime" : 92.08000000000004,
    "throughput" : 4.071920505387335,
    "receivedKBytesPerSec" : 3.7919137869279624,
    "sentKBytesPerSec" : 0.9662858230557836
  },
  "appraiser-5-tickers-dinamico" : {
    "transaction" : "appraiser-5-tickers-dinamico",
    "sampleCount" : 604,
    "errorCount" : 604,
    "errorPct" : 100.0,
    "meanResTime" : 34.85099337748341,
    "medianResTime" : 32.0,
    "minResTime" : 21.0,
    "maxResTime" : 444.0,
    "pct1ResTime" : 46.0,
    "pct2ResTime" : 54.0,
    "pct3ResTime" : 81.70000000000027,
    "throughput" : 10.433400701317995,
    "receivedKBytesPerSec" : 9.72446467283343,
    "sentKBytesPerSec" : 11.782987100758323
  },
  "bond-payment-forecast-cashflow" : {
    "transaction" : "bond-payment-forecast-cashflow",
    "sampleCount" : 968,
    "errorCount" : 968,
    "errorPct" : 100.0,
    "meanResTime" : 122.35640495867762,
    "medianResTime" : 112.0,
    "minResTime" : 99.0,
    "maxResTime" : 2390.0,
    "pct1ResTime" : 129.0,
    "pct2ResTime" : 145.54999999999995,
    "pct3ResTime" : 328.92999999999984,
    "throughput" : 16.185396358285818,
    "receivedKBytesPerSec" : 15.098028214715669,
    "sentKBytesPerSec" : 8.329788946109987
  },
  "investments-metrics" : {
    "transaction" : "investments-metrics",
    "sampleCount" : 504,
    "errorCount" : 504,
    "errorPct" : 100.0,
    "meanResTime" : 125.81944444444434,
    "medianResTime" : 112.0,
    "minResTime" : 100.0,
    "maxResTime" : 1327.0,
    "pct1ResTime" : 130.5,
    "pct2ResTime" : 225.0,
    "pct3ResTime" : 339.9,
    "throughput" : 8.414304317339477,
    "receivedKBytesPerSec" : 7.840444641306888,
    "sentKBytesPerSec" : 1.224347014925373
  },
  "investments-exchange-rate-sensitivity" : {
    "transaction" : "investments-exchange-rate-sensitivity",
    "sampleCount" : 24,
    "errorCount" : 24,
    "errorPct" : 100.0,
    "meanResTime" : 227.20833333333337,
    "medianResTime" : 115.0,
    "minResTime" : 104.0,
    "maxResTime" : 2287.0,
    "pct1ResTime" : 352.0,
    "pct2ResTime" : 1842.0,
    "pct3ResTime" : 2287.0,
    "throughput" : 0.4499943750703116,
    "receivedKBytesPerSec" : 0.41923304083698953,
    "sentKBytesPerSec" : 0.08173725953425581
  },
  "bond-laws" : {
    "transaction" : "bond-laws",
    "sampleCount" : 30,
    "errorCount" : 30,
    "errorPct" : 100.0,
    "meanResTime" : 171.5,
    "medianResTime" : 112.0,
    "minResTime" : 103.0,
    "maxResTime" : 1349.0,
    "pct1ResTime" : 277.10000000000014,
    "pct2ResTime" : 796.2499999999993,
    "pct3ResTime" : 1349.0,
    "throughput" : 0.538957655893502,
    "receivedKBytesPerSec" : 0.5022376567468516,
    "sentKBytesPerSec" : 0.07210663950918923
  },
  "yield-curves-uuid-metrics" : {
    "transaction" : "yield-curves-uuid-metrics",
    "sampleCount" : 603,
    "errorCount" : 603,
    "errorPct" : 100.0,
    "meanResTime" : 36.509121061359856,
    "medianResTime" : 32.0,
    "minResTime" : 21.0,
    "maxResTime" : 690.0,
    "pct1ResTime" : 46.0,
    "pct2ResTime" : 55.59999999999991,
    "pct3ResTime" : 92.96000000000004,
    "throughput" : 10.06677796327212,
    "receivedKBytesPerSec" : 9.37247300187813,
    "sentKBytesPerSec" : 2.51669449081803
  },
  "investments" : {
    "transaction" : "investments",
    "sampleCount" : 994,
    "errorCount" : 994,
    "errorPct" : 100.0,
    "meanResTime" : 119.26861167002026,
    "medianResTime" : 111.0,
    "minResTime" : 97.0,
    "maxResTime" : 1269.0,
    "pct1ResTime" : 123.0,
    "pct2ResTime" : 135.0,
    "pct3ResTime" : 351.04999999999995,
    "throughput" : 16.602084446819884,
    "receivedKBytesPerSec" : 15.47967043233899,
    "sentKBytesPerSec" : 7.133708160742918
  },
  "currencies-uuid" : {
    "transaction" : "currencies-uuid",
    "sampleCount" : 979,
    "errorCount" : 979,
    "errorPct" : 100.0,
    "meanResTime" : 121.24821246169557,
    "medianResTime" : 112.0,
    "minResTime" : 99.0,
    "maxResTime" : 1430.0,
    "pct1ResTime" : 125.0,
    "pct2ResTime" : 141.0,
    "pct3ResTime" : 329.0000000000009,
    "throughput" : 16.3177545169678,
    "receivedKBytesPerSec" : 15.205619827780184,
    "sentKBytesPerSec" : 3.744797179186946
  },
  "instrument-issuers" : {
    "transaction" : "instrument-issuers",
    "sampleCount" : 30,
    "errorCount" : 30,
    "errorPct" : 100.0,
    "meanResTime" : 198.96666666666667,
    "medianResTime" : 113.0,
    "minResTime" : 105.0,
    "maxResTime" : 1419.0,
    "pct1ResTime" : 136.90000000000003,
    "pct2ResTime" : 1378.3,
    "pct3ResTime" : 1419.0,
    "throughput" : 0.526999964866669,
    "receivedKBytesPerSec" : 0.49092311180304254,
    "sentKBytesPerSec" : 0.07513866686575554
  },
  "investments-price-sensitivity" : {
    "transaction" : "investments-price-sensitivity",
    "sampleCount" : 120,
    "errorCount" : 120,
    "errorPct" : 100.0,
    "meanResTime" : 140.10000000000005,
    "medianResTime" : 111.0,
    "minResTime" : 99.0,
    "maxResTime" : 1376.0,
    "pct1ResTime" : 129.9,
    "pct2ResTime" : 234.09999999999934,
    "pct3ResTime" : 1369.6999999999998,
    "throughput" : 2.0738999688915007,
    "receivedKBytesPerSec" : 1.9318087918236493,
    "sentKBytesPerSec" : 0.36657802184507965
  },
  "bonds-coupons" : {
    "transaction" : "bonds-coupons",
    "sampleCount" : 263,
    "errorCount" : 263,
    "errorPct" : 100.0,
    "meanResTime" : 126.7718631178708,
    "medianResTime" : 112.0,
    "minResTime" : 96.0,
    "maxResTime" : 1343.0,
    "pct1ResTime" : 125.6,
    "pct2ResTime" : 172.99999999999983,
    "pct3ResTime" : 511.1600000000052,
    "throughput" : 4.39402546195743,
    "receivedKBytesPerSec" : 4.094908939878705,
    "sentKBytesPerSec" : 0.7638052072543189
  },
  "tradable-securities-params" : {
    "transaction" : "tradable-securities-params",
    "sampleCount" : 956,
    "errorCount" : 956,
    "errorPct" : 100.0,
    "meanResTime" : 124.00732217573236,
    "medianResTime" : 112.0,
    "minResTime" : 99.0,
    "maxResTime" : 2355.0,
    "pct1ResTime" : 124.0,
    "pct2ResTime" : 136.14999999999998,
    "pct3ResTime" : 325.8799999999992,
    "throughput" : 15.971398499757758,
    "receivedKBytesPerSec" : 14.881023078963196,
    "sentKBytesPerSec" : 3.103816700636517
  },
  "markets-uuid" : {
    "transaction" : "markets-uuid",
    "sampleCount" : 969,
    "errorCount" : 969,
    "errorPct" : 100.0,
    "meanResTime" : 122.4871001031992,
    "medianResTime" : 112.0,
    "minResTime" : 97.0,
    "maxResTime" : 1387.0,
    "pct1ResTime" : 128.0,
    "pct2ResTime" : 142.5,
    "pct3ResTime" : 354.5999999999999,
    "throughput" : 16.158617929562435,
    "receivedKBytesPerSec" : 15.052559281616862,
    "sentKBytesPerSec" : 2.7141428553561897
  },
  "debt-types" : {
    "transaction" : "debt-types",
    "sampleCount" : 30,
    "errorCount" : 30,
    "errorPct" : 100.0,
    "meanResTime" : 114.16666666666667,
    "medianResTime" : 112.0,
    "minResTime" : 100.0,
    "maxResTime" : 139.0,
    "pct1ResTime" : 129.3,
    "pct2ResTime" : 134.6,
    "pct3ResTime" : 139.0,
    "throughput" : 0.5265837004791912,
    "receivedKBytesPerSec" : 0.4911695753102456,
    "sentKBytesPerSec" : 0.070965381509891
  },