{
  "appraiser - 5 tickers-60T-1-MIN-1TPS" : {
    "transaction" : "appraiser - 5 tickers-60T-1-MIN-1TPS",
    "sampleCount" : 60,
    "errorCount" : 0,
    "errorPct" : 0.0,
    "meanResTime" : 74.01666666666667,
    "medianResTime" : 63.0,
    "minResTime" : 47.0,
    "maxResTime" : 243.0,
    "pct1ResTime" : 111.69999999999999,
    "pct2ResTime" : 135.39999999999995,
    "pct3ResTime" : 243.0,
    "throughput" : 1.0160192366308802,
    "receivedKBytesPerSec" : 3.990703291690656,
    "sentKBytesPerSec" : 1.1688190046398212
  },
  "appraiser - 5 tickers-4-T-1-MIN-1TC15SEG" : {
    "transaction" : "appraiser - 5 tickers-4-T-1-MIN-1TC15SEG",
    "sampleCount" : 4,
    "errorCount" : 0,
    "errorPct" : 0.0,
    "meanResTime" : 1935.9999999999998,
    "medianResTime" : 113.0,
    "minResTime" : 84.0,
    "maxResTime" : 7434.0,
    "pct1ResTime" : 7434.0,
    "pct2ResTime" : 7434.0,
    "pct3ResTime" : 7434.0,
    "throughput" : 0.08882375147114338,
    "receivedKBytesPerSec" : 0.3466208114049697,
    "sentKBytesPerSec" : 0.1021820109697333
  },
  "appraiser - 5 tickers-30-T-1-MIN-1TC2SEG" : {
    "transaction" : "appraiser - 5 tickers-30-T-1-MIN-1TC2SEG",
    "sampleCount" : 30,
    "errorCount" : 0,
    "errorPct" : 0.0,
    "meanResTime" : 85.36666666666667,
    "medianResTime" : 65.5,
    "minResTime" : 51.0,
    "maxResTime" : 210.0,
    "pct1ResTime" : 177.60000000000008,
    "pct2ResTime" : 194.59999999999997,
    "pct3ResTime" : 210.0,
    "throughput" : 0.5166267715993043,
    "receivedKBytesPerSec" : 2.0293577199107955,
    "sentKBytesPerSec" : 0.5943225946718559
  },
  "appraiser - 5 tickers-8-T-1-MIN-1TC7.5SEG" : {
    "transaction" : "appraiser - 5 tickers-8-T-1-MIN-1TC7.5SEG",
    "sampleCount" : 8,
    "errorCount" : 0,
    "errorPct" : 0.0,
    "meanResTime" : 83.25000000000001,
    "medianResTime" : 70.0,
    "minResTime" : 57.0,
    "maxResTime" : 164.0,
    "pct1ResTime" : 164.0,
    "pct2ResTime" : 164.0,
    "pct3ResTime" : 164.0,
    "throughput" : 0.1521722589971848,
    "receivedKBytesPerSec" : 0.5973392739956631,
    "sentKBytesPerSec" : 0.17505754013543331
  },
  "Total" : {
    "transaction" : "Total",
    "sampleCount" : 192,
    "errorCount" : 0,
    "errorPct" : 0.0,
    "meanResTime" : 112.14583333333334,
    "medianResTime" : 63.0,
    "minResTime" : 45.0,
    "maxResTime" : 7434.0,
    "pct1ResTime" : 114.40000000000003,
    "pct2ResTime" : 151.39999999999998,
    "pct3ResTime" : 746.369999999951,
    "throughput" : 0.7002443561034319,
    "receivedKBytesPerSec" : 2.7498609540829353,
    "sentKBytesPerSec" : 0.8055545424705496
  },
  "appraiser - 5 tickers-90T-1-MIN-1.5TPS" : {
    "transaction" : "appraiser - 5 tickers-90T-1-MIN-1.5TPS",
    "sampleCount" : 90,
    "errorCount" : 0,
    "errorPct" : 0.0,
    "meanResTime" : 67.99999999999997,
    "medianResTime" : 60.5,
    "minResTime" : 45.0,
    "maxResTime" : 165.0,
    "pct1ResTime" : 97.50000000000003,
    "pct2ResTime" : 127.55000000000005,
    "pct3ResTime" : 165.0,
    "throughput" : 1.514004542013626,
    "receivedKBytesPerSec" : 5.946032703549499,
    "sentKBytesPerSec" : 1.741696631339894
  }
}