{
  "Total" : {
    "transaction" : "Total",
    "sampleCount" : 30,
    "errorCount" : 30,
    "errorPct" : 100.0,
    "meanResTime" : 25.933333333333337,
    "medianResTime" : 1.0,
    "minResTime" : 0.0,
    "maxResTime" : 180.0,
    "pct1ResTime" : 144.9,
    "pct2ResTime" : 164.04999999999998,
    "pct3ResTime" : 180.0,
    "throughput" : 0.5182600283315483,
    "receivedKBytesPerSec" : 1.147358871316035,
    "sentKBytesPerSec" : 0.0
  },
  "investments-1-TPS" : {
    "transaction" : "investments-1-TPS",
    "sampleCount" : 30,
    "errorCount" : 30,
    "errorPct" : 100.0,
    "meanResTime" : 25.933333333333337,
    "medianResTime" : 1.0,
    "minResTime" : 0.0,
    "maxResTime" : 180.0,
    "pct1ResTime" : 144.9,
    "pct2ResTime" : 164.04999999999998,
    "pct3ResTime" : 180.0,
    "throughput" : 0.5182600283315483,
    "receivedKBytesPerSec" : 1.147358871316035,
    "sentKBytesPerSec" : 0.0
  }
}