{
  "yield-curves" : {
    "transaction" : "yield-curves",
    "sampleCount" : 241,
    "errorCount" : 241,
    "errorPct" : 100.0,
    "meanResTime" : 50.92531120331945,
    "medianResTime" : 45.0,
    "minResTime" : 35.0,
    "maxResTime" : 715.0,
    "pct1ResTime" : 64.0,
    "pct2ResTime" : 73.79999999999995,
    "pct3ResTime" : 126.41999999999922,
    "throughput" : 4.044302735358282,
    "receivedKBytesPerSec" : 3.767017326732673,
    "sentKBytesPerSec" : 0.9597319967695922
  },
  "tradable-securities-uuid" : {
    "transaction" : "tradable-securities-uuid",
    "sampleCount" : 1030,
    "errorCount" : 1030,
    "errorPct" : 100.0,
    "meanResTime" : 115.19611650485444,
    "medianResTime" : 112.0,
    "minResTime" : 98.0,
    "maxResTime" : 704.0,
    "pct1ResTime" : 125.0,
    "pct2ResTime" : 130.0,
    "pct3ResTime" : 155.68999999999994,
    "throughput" : 17.187865033541367,
    "receivedKBytesPerSec" : 16.01268517630077,
    "sentKBytesPerSec" : 3.0884444982144643
  },
  "appraiser-5-tickers-dinamico" : {
    "transaction" : "appraiser-5-tickers-dinamico",
    "sampleCount" : 604,
    "errorCount" : 604,
    "errorPct" : 100.0,
    "meanResTime" : 47.78476821192057,
    "medianResTime" : 45.0,
    "minResTime" : 35.0,
    "maxResTime" : 146.0,
    "pct1ResTime" : 59.5,
    "pct2ResTime" : 66.0,
    "pct3ResTime" : 90.70000000000027,
    "throughput" : 10.432139279422433,
    "receivedKBytesPerSec" : 9.72823097840167,
    "sentKBytesPerSec" : 11.782254055623682
  },
  "bond-payment-forecast-cashflow" : {
    "transaction" : "bond-payment-forecast-cashflow",
    "sampleCount" : 1520,
    "errorCount" : 1520,
    "errorPct" : 100.0,
    "meanResTime" : 77.87302631578929,
    "medianResTime" : 75.0,
    "minResTime" : 55.0,
    "maxResTime" : 757.0,
    "pct1ResTime" : 92.0,
    "pct2ResTime" : 100.0,
    "pct3ResTime" : 127.0,
    "throughput" : 25.403616672794733,
    "receivedKBytesPerSec" : 23.728490620926227,
    "sentKBytesPerSec" : 13.073931627502757
  },
  "investments-metrics" : {
    "transaction" : "investments-metrics",
    "sampleCount" : 504,
    "errorCount" : 504,
    "errorPct" : 100.0,
    "meanResTime" : 116.25198412698407,
    "medianResTime" : 112.0,
    "minResTime" : 101.0,
    "maxResTime" : 698.0,
    "pct1ResTime" : 127.5,
    "pct2ResTime" : 138.25,
    "pct3ResTime" : 172.74999999999994,
    "throughput" : 8.41009211053264,
    "receivedKBytesPerSec" : 7.835672338055667,
    "sentKBytesPerSec" : 1.2237341059271125
  },
  "bond-laws" : {
    "transaction" : "bond-laws",
    "sampleCount" : 30,
    "errorCount" : 30,
    "errorPct" : 100.0,
    "meanResTime" : 103.23333333333335,
    "medianResTime" : 77.0,
    "minResTime" : 63.0,
    "maxResTime" : 765.0,
    "pct1ResTime" : 112.00000000000003,
    "pct2ResTime" : 422.34999999999957,
    "pct3ResTime" : 765.0,
    "throughput" : 0.5123038303249714,
    "receivedKBytesPerSec" : 0.47764994492733825,
    "sentKBytesPerSec" : 0.068540649174337
  },
  "investments-exchange-rate-sensitivity" : {
    "transaction" : "investments-exchange-rate-sensitivity",
    "sampleCount" : 24,
    "errorCount" : 24,
    "errorPct" : 100.0,
    "meanResTime" : 113.95833333333331,
    "medianResTime" : 113.0,
    "minResTime" : 101.0,
    "maxResTime" : 134.0,
    "pct1ResTime" : 130.0,
    "pct2ResTime" : 133.5,
    "pct3ResTime" : 134.0,
    "throughput" : 0.4160815519841889,
    "receivedKBytesPerSec" : 0.38760461633813564,
    "sentKBytesPerSec" : 0.07557731315337807
  },
  "yield-curves-uuid-metrics" : {
    "transaction" : "yield-curves-uuid-metrics",
    "sampleCount" : 608,
    "errorCount" : 608,
    "errorPct" : 100.0,
    "meanResTime" : 48.60361842105269,
    "medianResTime" : 44.0,
    "minResTime" : 35.0,
    "maxResTime" : 716.0,
    "pct1ResTime" : 60.0,
    "pct2ResTime" : 69.0,
    "pct3ResTime" : 94.63999999999987,
    "throughput" : 10.171136055673585,
    "receivedKBytesPerSec" : 9.473098976194857,
    "sentKBytesPerSec" : 2.542784013918397
  },
  "investments" : {
    "transaction" : "investments",
    "sampleCount" : 1031,
    "errorCount" : 1031,
    "errorPct" : 100.0,
    "meanResTime" : 115.0756547041707,
    "medianResTime" : 112.0,
    "minResTime" : 98.0,
    "maxResTime" : 716.0,
    "pct1ResTime" : 125.0,
    "pct2ResTime" : 130.39999999999998,
    "pct3ResTime" : 163.03999999999985,
    "throughput" : 17.19938609368744,
    "receivedKBytesPerSec" : 16.040866657838983,
    "sentKBytesPerSec" : 7.390361212131323
  },
  "currencies-uuid" : {
    "transaction" : "currencies-uuid",
    "sampleCount" : 1505,
    "errorCount" : 1505,
    "errorPct" : 100.0,
    "meanResTime" : 78.79867109634554,
    "medianResTime" : 76.0,
    "minResTime" : 54.0,
    "maxResTime" : 1088.0,
    "pct1ResTime" : 92.0,
    "pct2ResTime" : 100.0,
    "pct3ResTime" : 131.8800000000001,
    "throughput" : 25.101322614540422,
    "receivedKBytesPerSec" : 23.4189157177227,
    "sentKBytesPerSec" : 5.760557435954101
  },
  "instrument-issuers" : {
    "transaction" : "instrument-issuers",
    "sampleCount" : 31,
    "errorCount" : 31,
    "errorPct" : 100.0,
    "meanResTime" : 97.38709677419354,
    "medianResTime" : 79.0,
    "minResTime" : 61.0,
    "maxResTime" : 659.0,
    "pct1ResTime" : 95.4,
    "pct2ResTime" : 326.5999999999992,
    "pct3ResTime" : 659.0,
    "throughput" : 0.5204136449100187,
    "receivedKBytesPerSec" : 0.4859860789349987,
    "sentKBytesPerSec" : 0.07419960171568628
  },
  "investments-price-sensitivity" : {
    "transaction" : "investments-price-sensitivity",
    "sampleCount" : 121,
    "errorCount" : 121,
    "errorPct" : 100.0,
    "meanResTime" : 120.2314049586777,
    "medianResTime" : 112.0,
    "minResTime" : 100.0,
    "maxResTime" : 707.0,
    "pct1ResTime" : 128.6,
    "pct2ResTime" : 144.89999999999998,
    "pct3ResTime" : 588.2000000000006,
    "throughput" : 2.020809325784525,
    "receivedKBytesPerSec" : 1.8814122336205887,
    "sentKBytesPerSec" : 0.3571938359052725
  },
  "bonds-coupons" : {
    "transaction" : "bonds-coupons",
    "sampleCount" : 263,
    "errorCount" : 263,
    "errorPct" : 100.0,
    "meanResTime" : 81.86692015209128,
    "medianResTime" : 76.0,
    "minResTime" : 55.0,
    "maxResTime" : 755.0,
    "pct1ResTime" : 97.0,
    "pct2ResTime" : 119.79999999999998,
    "pct3ResTime" : 176.36,
    "throughput" : 4.396963921489952,
    "receivedKBytesPerSec" : 4.103508637191962,
    "sentKBytesPerSec" : 0.7643159941652456
  },
  "markets-uuid" : {
    "transaction" : "markets-uuid",
    "sampleCount" : 1526,
    "errorCount" : 1526,
    "errorPct" : 100.0,
    "meanResTime" : 77.68610747051098,
    "medianResTime" : 76.0,
    "minResTime" : 55.0,
    "maxResTime" : 768.0,
    "pct1ResTime" : 91.0,
    "pct2ResTime" : 98.0,
    "pct3ResTime" : 124.46000000000004,
    "throughput" : 25.448602494830233,
    "receivedKBytesPerSec" : 23.7423541364402,
    "sentKBytesPerSec" : 4.2745699503035155
  },
  "tradable-securities-params" : {
    "transaction" : "tradable-securities-params",
    "sampleCount" : 1030,
    "errorCount" : 1030,
    "errorPct" : 100.0,
    "meanResTime" : 115.18058252427193,
    "medianResTime" : 112.0,
    "minResTime" : 97.0,
    "maxResTime" : 707.0,
    "pct1ResTime" : 126.0,
    "pct2ResTime" : 132.0,
    "pct3ResTime" : 158.06999999999982,
    "throughput" : 17.19475142733131,
    "receivedKBytesPerSec" : 16.021611340188976,
    "sentKBytesPerSec" : 3.341558138709893
  },
  "debt-types" : {
    "transaction" : "debt-types",
    "sampleCount" : 30,
    "errorCount" : 30,
    "errorPct" : 100.0,
    "meanResTime" : 102.63333333333333,
    "medianResTime" : 77.0,
    "minResTime" : 61.0,
    "maxResTime" : 768.0,
    "pct1ResTime" : 109.50000000000001,
    "pct2ResTime" : 444.04999999999956,
    "pct3ResTime" : 768.0,
    "throughput" : 0.5523132720879282,
    "receivedKBytesPerSec" : 0.5154923872820664,
    "sentKBytesPerSec" : 0.07443284330872471
  },