{
  "Total" : {
    "transaction" : "Total",
    "sampleCount" : 30,
    "errorCount" : 30,
    "errorPct" : 100.0,
    "meanResTime" : 109.03333333333336,
    "medianResTime" : 86.5,
    "minResTime" : 75.0,
    "maxResTime" : 610.0,
    "pct1ResTime" : 109.9,
    "pct2ResTime" : 389.4499999999997,
    "pct3ResTime" : 610.0,
    "throughput" : 0.5177948841865442,
    "receivedKBytesPerSec" : 0.48369660779626494,
    "sentKBytesPerSec" : 0.2224899892989057
  },
  "investments-1-TPS" : {
    "transaction" : "investments-1-TPS",
    "sampleCount" : 30,
    "errorCount" : 30,
    "errorPct" : 100.0,
    "meanResTime" : 109.03333333333336,
    "medianResTime" : 86.5,
    "minResTime" : 75.0,
    "maxResTime" : 610.0,
    "pct1ResTime" : 109.9,
    "pct2ResTime" : 389.4499999999997,
    "pct3ResTime" : 610.0,
    "throughput" : 0.5177948841865442,
    "receivedKBytesPerSec" : 0.48369660779626494,
    "sentKBytesPerSec" : 0.2224899892989057
  }
}