{
  "Total" : {
    "transaction" : "Total",
    "sampleCount" : 30,
    "errorCount" : 30,
    "errorPct" : 100.0,
    "meanResTime" : 67.86666666666667,
    "medianResTime" : 51.0,
    "minResTime" : 42.0,
    "maxResTime" : 450.0,
    "pct1ResTime" : 76.50000000000001,
    "pct2ResTime" : 278.9499999999998,
    "pct3ResTime" : 450.0,
    "throughput" : 0.5177859472893905,
    "receivedKBytesPerSec" : 0.4831657540689346,
    "sentKBytesPerSec" : 0.22248614922591
  },
  "investments-1-TPS" : {
    "transaction" : "investments-1-TPS",
    "sampleCount" : 30,
    "errorCount" : 30,
    "errorPct" : 100.0,
    "meanResTime" : 67.86666666666667,
    "medianResTime" : 51.0,
    "minResTime" : 42.0,
    "maxResTime" : 450.0,
    "pct1ResTime" : 76.50000000000001,
    "pct2ResTime" : 278.9499999999998,
    "pct3ResTime" : 450.0,
    "throughput" : 0.5177859472893905,
    "receivedKBytesPerSec" : 0.4831657540689346,
    "sentKBytesPerSec" : 0.22248614922591
  }
}