{
  "Total" : {
    "transaction" : "Total",
    "sampleCount" : 30,
    "errorCount" : 30,
    "errorPct" : 100.0,
    "meanResTime" : 14.899999999999999,
    "medianResTime" : 1.0,
    "minResTime" : 0.0,
    "maxResTime" : 156.0,
    "pct1ResTime" : 120.00000000000028,
    "pct2ResTime" : 145.0,
    "pct3ResTime" : 156.0,
    "throughput" : 0.5183585313174945,
    "receivedKBytesPerSec" : 1.1475769438444925,
    "sentKBytesPerSec" : 0.0
  },
  "investments-1-TPS" : {
    "transaction" : "investments-1-TPS",
    "sampleCount" : 30,
    "errorCount" : 30,
    "errorPct" : 100.0,
    "meanResTime" : 14.899999999999999,
    "medianResTime" : 1.0,
    "minResTime" : 0.0,
    "maxResTime" : 156.0,
    "pct1ResTime" : 120.00000000000028,
    "pct2ResTime" : 145.0,
    "pct3ResTime" : 156.0,
    "throughput" : 0.5183585313174945,
    "receivedKBytesPerSec" : 1.1475769438444925,
    "sentKBytesPerSec" : 0.0
  }
}