{
  "Total" : {
    "transaction" : "Total",
    "sampleCount" : 30,
    "errorCount" : 30,
    "errorPct" : 100.0,
    "meanResTime" : 98.7666666666667,
    "medianResTime" : 80.5,
    "minResTime" : 62.0,
    "maxResTime" : 546.0,
    "pct1ResTime" : 99.0,
    "pct2ResTime" : 358.9999999999998,
    "pct3ResTime" : 546.0,
    "throughput" : 0.5175447676223993,
    "receivedKBytesPerSec" : 0.48267114558534313,
    "sentKBytesPerSec" : 0.22238251733774972
  },
  "investments-1-TPS" : {
    "transaction" : "investments-1-TPS",
    "sampleCount" : 30,
    "errorCount" : 30,
    "errorPct" : 100.0,
    "meanResTime" : 98.7666666666667,
    "medianResTime" : 80.5,
    "minResTime" : 62.0,
    "maxResTime" : 546.0,
    "pct1ResTime" : 99.0,
    "pct2ResTime" : 358.9999999999998,
    "pct3ResTime" : 546.0,
    "throughput" : 0.5175447676223993,
    "receivedKBytesPerSec" : 0.48267114558534313,
    "sentKBytesPerSec" : 0.22238251733774972
  }
}