{
  "appraiser - 5 tickers-60T-1-MIN-1TPS" : {
    "transaction" : "appraiser - 5 tickers-60T-1-MIN-1TPS",
    "sampleCount" : 60,
    "errorCount" : 0,
    "errorPct" : 0.0,
    "meanResTime" : 24411.100000000002,
    "medianResTime" : 18723.0,
    "minResTime" : 5170.0,
    "maxResTime" : 70865.0,
    "pct1ResTime" : 52152.799999999996,
    "pct2ResTime" : 59669.04999999999,
    "pct3ResTime" : 70865.0,
    "throughput" : 0.7605141075366948,
    "receivedKBytesPerSec" : 2.728455764221614,
    "sentKBytesPerSec" : 0.8332976842345425
  },
  "appraiser - 5 tickers-4-T-1-MIN-1TC15SEG" : {
    "transaction" : "appraiser - 5 tickers-4-T-1-MIN-1TC15SEG",
    "sampleCount" : 4,
    "errorCount" : 0,
    "errorPct" : 0.0,
    "meanResTime" : 9159.25,
    "medianResTime" : 8843.0,
    "minResTime" : 7657.0,
    "maxResTime" : 11294.0,
    "pct1ResTime" : 11294.0,
    "pct2ResTime" : 11294.0,
    "pct3ResTime" : 11294.0,
    "throughput" : 0.07468120460783033,
    "receivedKBytesPerSec" : 0.2675651068407983,
    "sentKBytesPerSec" : 0.08182842926756409
  },
  "appraiser - 5 tickers-8-T-1-MIN-1TC7.5SEG" : {
    "transaction" : "appraiser - 5 tickers-8-T-1-MIN-1TC7.5SEG",
    "sampleCount" : 8,
    "errorCount" : 0,
    "errorPct" : 0.0,
    "meanResTime" : 11520.874999999998,
    "medianResTime" : 9504.0,
    "minResTime" : 5733.0,
    "maxResTime" : 20968.0,
    "pct1ResTime" : 20968.0,
    "pct2ResTime" : 20968.0,
    "pct3ResTime" : 20968.0,
    "throughput" : 0.13626762962458266,
    "receivedKBytesPerSec" : 0.4886638373390339,
    "sentKBytesPerSec" : 0.14930886761599782
  },
  "appraiser - 5 tickers-30-T-1-MIN-1TC2SEG" : {
    "transaction" : "appraiser - 5 tickers-30-T-1-MIN-1TC2SEG",
    "sampleCount" : 30,
    "errorCount" : 0,
    "errorPct" : 0.0,
    "meanResTime" : 9500.733333333335,
    "medianResTime" : 9044.5,
    "minResTime" : 5555.0,
    "maxResTime" : 16396.0,
    "pct1ResTime" : 14748.700000000003,
    "pct2ResTime" : 15699.699999999999,
    "pct3ResTime" : 16396.0,
    "throughput" : 0.4386221416457103,
    "receivedKBytesPerSec" : 1.5734284305734254,
    "sentKBytesPerSec" : 0.4805996512953974
  },
  "appraiser-5-tickers-dinamico" : {
    "transaction" : "appraiser-5-tickers-dinamico",
    "sampleCount" : 60,
    "errorCount" : 0,
    "errorPct" : 0.0,
    "meanResTime" : 7757.249999999999,
    "medianResTime" : 6486.0,
    "minResTime" : 3499.0,
    "maxResTime" : 32205.0,
    "pct1ResTime" : 12645.6,
    "pct2ResTime" : 16971.049999999996,
    "pct3ResTime" : 32205.0,
    "throughput" : 0.9517766497461929,
    "receivedKBytesPerSec" : 3.3345798550523478,
    "sentKBytesPerSec" : 1.0423689324238579
  },
  "Total" : {
    "transaction" : "Total",
    "sampleCount" : 252,
    "errorCount" : 0,
    "errorPct" : 0.0,
    "meanResTime" : 28536.45634920634,
    "medianResTime" : 15753.5,
    "minResTime" : 3499.0,
    "maxResTime" : 97162.0,
    "pct1ResTime" : 70074.6,
    "pct2ResTime" : 75970.09999999999,
    "pct3ResTime" : 85649.45999999999,
    "throughput" : 0.5555261626368976,
    "receivedKBytesPerSec" : 1.9819703894359644,
    "sentKBytesPerSec" : 0.6086228627674021
  },
  "appraiser - 5 tickers-90T-1-MIN-1.5TPS" : {
    "transaction" : "appraiser - 5 tickers-90T-1-MIN-1.5TPS",
    "sampleCount" : 90,
    "errorCount" : 0,
    "errorPct" : 0.0,
    "meanResTime" : 53858.44444444445,
    "medianResTime" : 56184.0,
    "minResTime" : 7091.0,
    "maxResTime" : 97162.0,
    "pct1ResTime" : 79040.80000000002,
    "pct2ResTime" : 81946.70000000001,
    "pct3ResTime" : 97162.0,
    "throughput" : 0.6926593501316052,
    "receivedKBytesPerSec" : 2.4855918437437468,
    "sentKBytesPerSec" : 0.7589490144996691
  }
}