{
  "appraiser - 5 tickers-60T-1-MIN-1TPS" : {
    "transaction" : "appraiser - 5 tickers-60T-1-MIN-1TPS",
    "sampleCount" : 60,
    "errorCount" : 0,
    "errorPct" : 0.0,
    "meanResTime" : 49472.35000000001,
    "medianResTime" : 60514.5,
    "minResTime" : 4991.0,
    "maxResTime" : 92748.0,
    "pct1ResTime" : 77157.1,
    "pct2ResTime" : 87917.0,
    "pct3ResTime" : 92748.0,
    "throughput" : 0.4839802536056529,
    "receivedKBytesPerSec" : 1.7841572845077922,
    "sentKBytesPerSec" : 0.5302986763140064
  },
  "appraiser - 5 tickers-4-T-1-MIN-1TC15SEG" : {
    "transaction" : "appraiser - 5 tickers-4-T-1-MIN-1TC15SEG",
    "sampleCount" : 4,
    "errorCount" : 0,
    "errorPct" : 0.0,
    "meanResTime" : 9130.25,
    "medianResTime" : 10173.5,
    "minResTime" : 4528.0,
    "maxResTime" : 11646.0,
    "pct1ResTime" : 11646.0,
    "pct2ResTime" : 11646.0,
    "pct3ResTime" : 11646.0,
    "throughput" : 0.07360111873700481,
    "receivedKBytesPerSec" : 0.2712963112039303,
    "sentKBytesPerSec" : 0.08064497580363221
  },
  "appraiser - 5 tickers-30-T-1-MIN-1TC2SEG" : {
    "transaction" : "appraiser - 5 tickers-30-T-1-MIN-1TC2SEG",
    "sampleCount" : 30,
    "errorCount" : 0,
    "errorPct" : 0.0,
    "meanResTime" : 9144.73333333333,
    "medianResTime" : 5886.5,
    "minResTime" : 4162.0,
    "maxResTime" : 47196.0,
    "pct1ResTime" : 22434.400000000023,
    "pct2ResTime" : 40719.19999999999,
    "pct3ResTime" : 47196.0,
    "throughput" : 0.4569826955885937,
    "receivedKBytesPerSec" : 1.6836361161040703,
    "sentKBytesPerSec" : 0.5007173676273459
  },
  "appraiser - 5 tickers-8-T-1-MIN-1TC7.5SEG" : {
    "transaction" : "appraiser - 5 tickers-8-T-1-MIN-1TC7.5SEG",
    "sampleCount" : 8,
    "errorCount" : 0,
    "errorPct" : 0.0,
    "meanResTime" : 6349.499999999999,
    "medianResTime" : 4938.5,
    "minResTime" : 4429.0,
    "maxResTime" : 10315.0,
    "pct1ResTime" : 10315.0,
    "pct2ResTime" : 10315.0,
    "pct3ResTime" : 10315.0,
    "throughput" : 0.13928304054877516,
    "receivedKBytesPerSec" : 0.5131131446193221,
    "sentKBytesPerSec" : 0.15261286278879468
  },
  "appraiser-5-tickers-dinamico" : {
    "transaction" : "appraiser-5-tickers-dinamico",
    "sampleCount" : 60,
    "errorCount" : 2,
    "errorPct" : 3.3333333,
    "meanResTime" : 61562.61666666667,
    "medianResTime" : 55095.5,
    "minResTime" : 8102.0,
    "maxResTime" : 100087.0,
    "pct1ResTime" : 96839.2,
    "pct2ResTime" : 99388.2,
    "pct3ResTime" : 100087.0,
    "throughput" : 0.4627522964082709,
    "receivedKBytesPerSec" : 1.5832169021240332,
    "sentKBytesPerSec" : 0.5067905886787651
  },
  "Total" : {
    "transaction" : "Total",
    "sampleCount" : 252,
    "errorCount" : 33,
    "errorPct" : 13.095238,
    "meanResTime" : 56009.34126984133,
    "medianResTime" : 59788.5,
    "minResTime" : 4162.0,
    "maxResTime" : 100136.0,
    "pct1ResTime" : 100053.7,
    "pct2ResTime" : 100064.7,
    "pct3ResTime" : 100089.47,
    "throughput" : 0.43032492947452544,
    "receivedKBytesPerSec" : 1.4128358151370208,
    "sentKBytesPerSec" : 0.47145333866828093
  },
  "appraiser - 5 tickers-90T-1-MIN-1.5TPS" : {
    "transaction" : "appraiser - 5 tickers-90T-1-MIN-1.5TPS",
    "sampleCount" : 90,
    "errorCount" : 31,
    "errorPct" : 34.444443,
    "meanResTime" : 78784.41111111111,
    "medianResTime" : 87372.5,
    "minResTime" : 12406.0,
    "maxResTime" : 100136.0,
    "pct1ResTime" : 100067.9,
    "pct2ResTime" : 100075.45,
    "pct3ResTime" : 100136.0,
    "throughput" : 0.5866020100895546,
    "receivedKBytesPerSec" : 1.6043908688064605,
    "sentKBytesPerSec" : 0.6427416555864065
  }
}