{
  "appraiser - 5 tickers-60T-1-MIN-1TPS" : {
    "transaction" : "appraiser - 5 tickers-60T-1-MIN-1TPS",
    "sampleCount" : 60,
    "errorCount" : 0,
    "errorPct" : 0.0,
    "meanResTime" : 50.099999999999994,
    "medianResTime" : 43.5,
    "minResTime" : 29.0,
    "maxResTime" : 139.0,
    "pct1ResTime" : 77.6,
    "pct2ResTime" : 100.39999999999995,
    "pct3ResTime" : 139.0,
    "throughput" : 1.0162429498145358,
    "receivedKBytesPerSec" : 3.9914165844497895,
    "sentKBytesPerSec" : 1.1690763621889875
  },
  "appraiser - 5 tickers-4-T-1-MIN-1TC15SEG" : {
    "transaction" : "appraiser - 5 tickers-4-T-1-MIN-1TC15SEG",
    "sampleCount" : 4,
    "errorCount" : 0,
    "errorPct" : 0.0,
    "meanResTime" : 181.5,
    "medianResTime" : 134.0,
    "minResTime" : 72.0,
    "maxResTime" : 386.0,
    "pct1ResTime" : 386.0,
    "pct2ResTime" : 386.0,
    "pct3ResTime" : 386.0,
    "throughput" : 0.08870949856955933,
    "receivedKBytesPerSec" : 0.3483623741433989,
    "sentKBytesPerSec" : 0.10205057550287197
  },
  "appraiser - 5 tickers-8-T-1-MIN-1TC7.5SEG" : {
    "transaction" : "appraiser - 5 tickers-8-T-1-MIN-1TC7.5SEG",
    "sampleCount" : 8,
    "errorCount" : 0,
    "errorPct" : 0.0,
    "meanResTime" : 85.25,
    "medianResTime" : 72.0,
    "minResTime" : 47.0,
    "maxResTime" : 212.0,
    "pct1ResTime" : 212.0,
    "pct2ResTime" : 212.0,
    "pct3ResTime" : 212.0,
    "throughput" : 0.15224175991474462,
    "receivedKBytesPerSec" : 0.5980766989228895,
    "sentKBytesPerSec" : 0.175137493339423
  },
  "appraiser - 5 tickers-30-T-1-MIN-1TC2SEG" : {
    "transaction" : "appraiser - 5 tickers-30-T-1-MIN-1TC2SEG",
    "sampleCount" : 30,
    "errorCount" : 0,
    "errorPct" : 0.0,
    "meanResTime" : 64.6,
    "medianResTime" : 52.0,
    "minResTime" : 32.0,
    "maxResTime" : 210.0,
    "pct1ResTime" : 105.30000000000004,
    "pct2ResTime" : 203.95,
    "pct3ResTime" : 210.0,
    "throughput" : 0.5169472541485017,
    "receivedKBytesPerSec" : 2.0315757844674582,
    "sentKBytesPerSec" : 0.5946912747919287
  },
  "Total" : {
    "transaction" : "Total",
    "sampleCount" : 192,
    "errorCount" : 0,
    "errorPct" : 0.0,
    "meanResTime" : 57.00520833333334,
    "medianResTime" : 46.0,
    "minResTime" : 29.0,
    "maxResTime" : 386.0,
    "pct1ResTime" : 88.10000000000005,
    "pct2ResTime" : 119.0,
    "pct3ResTime" : 224.1799999999988,
    "throughput" : 0.7004103967168263,
    "receivedKBytesPerSec" : 2.7516316119471043,
    "sentKBytesPerSec" : 0.8057455540355677
  },
  "appraiser - 5 tickers-90T-1-MIN-1.5TPS" : {
    "transaction" : "appraiser - 5 tickers-90T-1-MIN-1.5TPS",
    "sampleCount" : 90,
    "errorCount" : 0,
    "errorPct" : 0.0,
    "meanResTime" : 51.033333333333346,
    "medianResTime" : 43.5,
    "minResTime" : 31.0,
    "maxResTime" : 141.0,
    "pct1ResTime" : 84.20000000000005,
    "pct2ResTime" : 97.45,
    "pct3ResTime" : 141.0,
    "throughput" : 1.515228041820294,
    "receivedKBytesPerSec" : 5.953156041130024,
    "sentKBytesPerSec" : 1.7431041340471742
  }
}