{
  "yield-curves" : {
    "transaction" : "yield-curves",
    "sampleCount" : 243,
    "errorCount" : 243,
    "errorPct" : 100.0,
    "meanResTime" : 78.1646090534979,
    "medianResTime" : 74.0,
    "minResTime" : 54.0,
    "maxResTime" : 791.0,
    "pct1ResTime" : 88.0,
    "pct2ResTime" : 93.0,
    "pct3ResTime" : 110.80000000000001,
    "throughput" : 4.067354043920728,
    "receivedKBytesPerSec" : 3.7948207926737414,
    "sentKBytesPerSec" : 0.9652021803444697
  },
  "tradable-securities-uuid" : {
    "transaction" : "tradable-securities-uuid",
    "sampleCount" : 3233,
    "errorCount" : 3233,
    "errorPct" : 100.0,
    "meanResTime" : 36.35539746365605,
    "medianResTime" : 33.0,
    "minResTime" : 20.0,
    "maxResTime" : 592.0,
    "pct1ResTime" : 49.0,
    "pct2ResTime" : 57.0,
    "pct3ResTime" : 82.0,
    "throughput" : 54.0418561112597,
    "receivedKBytesPerSec" : 50.25410148414516,
    "sentKBytesPerSec" : 9.710646019991977
  },
  "appraiser-5-tickers-dinamico" : {
    "transaction" : "appraiser-5-tickers-dinamico",
    "sampleCount" : 605,
    "errorCount" : 605,
    "errorPct" : 100.0,
    "meanResTime" : 74.40165289256187,
    "medianResTime" : 73.0,
    "minResTime" : 55.0,
    "maxResTime" : 178.0,
    "pct1ResTime" : 86.0,
    "pct2ResTime" : 92.0,
    "pct3ResTime" : 109.0,
    "throughput" : 10.411288934778868,
    "receivedKBytesPerSec" : 9.720855382034074,
    "sentKBytesPerSec" : 11.757570502065049
  },
  "bond-payment-forecast-cashflow" : {
    "transaction" : "bond-payment-forecast-cashflow",
    "sampleCount" : 1028,
    "errorCount" : 1028,
    "errorPct" : 100.0,
    "meanResTime" : 115.43774319066137,
    "medianResTime" : 113.0,
    "minResTime" : 99.0,
    "maxResTime" : 740.0,
    "pct1ResTime" : 124.0,
    "pct2ResTime" : 132.0,
    "pct3ResTime" : 165.97000000000025,
    "throughput" : 17.15649460104474,
    "receivedKBytesPerSec" : 16.000816597197886,
    "sentKBytesPerSec" : 8.829563139404863
  },
  "investments-metrics" : {
    "transaction" : "investments-metrics",
    "sampleCount" : 503,
    "errorCount" : 503,
    "errorPct" : 100.0,
    "meanResTime" : 38.425447316103366,
    "medianResTime" : 31.0,
    "minResTime" : 21.0,
    "maxResTime" : 617.0,
    "pct1ResTime" : 52.60000000000002,
    "pct2ResTime" : 65.0,
    "pct3ResTime" : 219.79999999999785,
    "throughput" : 8.415452309648492,
    "receivedKBytesPerSec" : 7.827890772699135,
    "sentKBytesPerSec" : 1.2245140567750246
  },
  "bond-laws" : {
    "transaction" : "bond-laws",
    "sampleCount" : 30,
    "errorCount" : 30,
    "errorPct" : 100.0,
    "meanResTime" : 118.13333333333335,
    "medianResTime" : 113.0,
    "minResTime" : 103.0,
    "maxResTime" : 245.0,
    "pct1ResTime" : 127.50000000000001,
    "pct2ResTime" : 185.5999999999999,
    "pct3ResTime" : 245.0,
    "throughput" : 0.5455338958393948,
    "receivedKBytesPerSec" : 0.5082060231488217,
    "sentKBytesPerSec" : 0.07298646848632528
  },
  "investments-exchange-rate-sensitivity" : {
    "transaction" : "investments-exchange-rate-sensitivity",
    "sampleCount" : 24,
    "errorCount" : 24,
    "errorPct" : 100.0,
    "meanResTime" : 35.54166666666666,
    "medianResTime" : 32.5,
    "minResTime" : 22.0,
    "maxResTime" : 70.0,
    "pct1ResTime" : 56.0,
    "pct2ResTime" : 66.5,
    "pct3ResTime" : 70.0,
    "throughput" : 0.4289160932892503,
    "receivedKBytesPerSec" : 0.3985310461531588,
    "sentKBytesPerSec" : 0.07790858725761773
  },
  "yield-curves-uuid-metrics" : {
    "transaction" : "yield-curves-uuid-metrics",
    "sampleCount" : 602,
    "errorCount" : 602,
    "errorPct" : 100.0,
    "meanResTime" : 76.68272425249175,
    "medianResTime" : 74.0,
    "minResTime" : 55.0,
    "maxResTime" : 789.0,
    "pct1ResTime" : 89.0,
    "pct2ResTime" : 93.85000000000002,
    "pct3ResTime" : 109.0,
    "throughput" : 10.058479532163743,
    "receivedKBytesPerSec" : 9.384284278404344,
    "sentKBytesPerSec" : 2.5146198830409356
  },
  "investments" : {
    "transaction" : "investments",
    "sampleCount" : 1404,
    "errorCount" : 1404,
    "errorPct" : 100.0,
    "meanResTime" : 37.561253561253594,
    "medianResTime" : 33.0,
    "minResTime" : 20.0,
    "maxResTime" : 591.0,
    "pct1ResTime" : 54.0,
    "pct2ResTime" : 65.0,
    "pct3ResTime" : 97.95000000000005,
    "throughput" : 23.464527450488845,
    "receivedKBytesPerSec" : 21.844332983412716,
    "sentKBytesPerSec" : 10.082414138881925
  },
  "currencies-uuid" : {
    "transaction" : "currencies-uuid",
    "sampleCount" : 1023,
    "errorCount" : 1023,
    "errorPct" : 100.0,
    "meanResTime" : 116.01075268817206,
    "medianResTime" : 113.0,
    "minResTime" : 98.0,
    "maxResTime" : 743.0,
    "pct1ResTime" : 126.0,
    "pct2ResTime" : 135.79999999999995,
    "pct3ResTime" : 172.27999999999997,
    "throughput" : 17.056253959785256,
    "receivedKBytesPerSec" : 15.890917815699089,
    "sentKBytesPerSec" : 3.914277031786655
  },
  "instrument-issuers" : {
    "transaction" : "instrument-issuers",
    "sampleCount" : 30,
    "errorCount" : 30,
    "errorPct" : 100.0,
    "meanResTime" : 140.16666666666669,
    "medianResTime" : 112.0,
    "minResTime" : 100.0,
    "maxResTime" : 740.0,
    "pct1ResTime" : 177.00000000000009,
    "pct2ResTime" : 433.64999999999964,
    "pct3ResTime" : 740.0,
    "throughput" : 0.5160224985809382,
    "receivedKBytesPerSec" : 0.4808315111288852,
    "sentKBytesPerSec" : 0.07357352030548532
  },
  "investments-price-sensitivity" : {
    "transaction" : "investments-price-sensitivity",
    "sampleCount" : 120,
    "errorCount" : 120,
    "errorPct" : 100.0,
    "meanResTime" : 43.59166666666667,
    "medianResTime" : 34.0,
    "minResTime" : 22.0,
    "maxResTime" : 551.0,
    "pct1ResTime" : 55.60000000000002,
    "pct2ResTime" : 74.49999999999989,
    "pct3ResTime" : 502.27999999999815,
    "throughput" : 2.0354852936187533,
    "receivedKBytesPerSec" : 1.893889197509923,
    "sentKBytesPerSec" : 0.3597879278759711
  },
  "bonds-coupons" : {
    "transaction" : "bonds-coupons",
    "sampleCount" : 262,
    "errorCount" : 262,
    "errorPct" : 100.0,
    "meanResTime" : 118.60687022900758,
    "medianResTime" : 112.0,
    "minResTime" : 99.0,
    "maxResTime" : 741.0,
    "pct1ResTime" : 130.0,
    "pct2ResTime" : 154.0,
    "pct3ResTime" : 225.12000000000035,
    "throughput" : 4.387801242652108,
    "receivedKBytesPerSec" : 4.089064148565591,
    "sentKBytesPerSec" : 0.7627232628828859
  },
  "markets-uuid" : {
    "transaction" : "markets-uuid",
    "sampleCount" : 1028,
    "errorCount" : 1028,
    "errorPct" : 100.0,
    "meanResTime" : 115.49999999999984,
    "medianResTime" : 112.0,
    "minResTime" : 100.0,
    "maxResTime" : 743.0,
    "pct1ResTime" : 125.0,
    "pct2ResTime" : 131.0,
    "pct3ResTime" : 170.26000000000022,
    "throughput" : 17.12990735186296,
    "receivedKBytesPerSec" : 15.958282952784444,
    "sentKBytesPerSec" : 2.8772891255082316
  },
  "tradable-securities-params" : {
    "transaction" : "tradable-securities-params",
    "sampleCount" : 3200,
    "errorCount" : 3200,
    "errorPct" : 100.0,
    "meanResTime" : 36.675,
    "medianResTime" : 33.0,
    "minResTime" : 19.0,
    "maxResTime" : 585.0,
    "pct1ResTime" : 50.0,
    "pct2ResTime" : 58.0,
    "pct3ResTime" : 88.0,
    "throughput" : 53.48666176372267,
    "receivedKBytesPerSec" : 49.737747558626396,
    "sentKBytesPerSec" : 10.39438055759845
  },
  "debt-types" : {
    "transaction" : "debt-types",
    "sampleCount" : 30,
    "errorCount" : 30,
    "errorPct" : 100.0,
    "meanResTime" : 115.09999999999998,
    "medianResTime" : 112.0,
    "minResTime" : 103.0,
    "maxResTime" : 183.0,
    "pct1ResTime" : 129.4,
    "pct2ResTime" : 157.69999999999996,
    "pct3ResTime" : 183.0,
    "throughput" : 0.510282186048885,
    "receivedKBytesPerSec" : 0.47531656099573066,
    "sentKBytesPerSec" : 0.06876849772924427
  },