{
  "Total" : {
    "transaction" : "Total",
    "sampleCount" : 30,
    "errorCount" : 30,
    "errorPct" : 100.0,
    "meanResTime" : 74.1,
    "medianResTime" : 53.0,
    "minResTime" : 46.0,
    "maxResTime" : 506.0,
    "pct1ResTime" : 84.60000000000001,
    "pct2ResTime" : 307.4499999999997,
    "pct3ResTime" : 506.0,
    "throughput" : 0.5179647438664341,
    "receivedKBytesPerSec" : 0.4822703635680865,
    "sentKBytesPerSec" : 0.22256297588010843
  },
  "investments-1-TPS" : {
    "transaction" : "investments-1-TPS",
    "sampleCount" : 30,
    "errorCount" : 30,
    "errorPct" : 100.0,
    "meanResTime" : 74.1,
    "medianResTime" : 53.0,
    "minResTime" : 46.0,
    "maxResTime" : 506.0,
    "pct1ResTime" : 84.60000000000001,
    "pct2ResTime" : 307.4499999999997,
    "pct3ResTime" : 506.0,
    "throughput" : 0.5179647438664341,
    "receivedKBytesPerSec" : 0.4822703635680865,
    "sentKBytesPerSec" : 0.22256297588010843
  }
}