{
  "tradable-securities-uuid" : {
    "transaction" : "tradable-securities-uuid",
    "sampleCount" : 1222,
    "errorCount" : 1222,
    "errorPct" : 100.0,
    "meanResTime" : 96.96153846153847,
    "medianResTime" : 92.0,
    "minResTime" : 78.0,
    "maxResTime" : 1930.0,
    "pct1ResTime" : 108.0,
    "pct2ResTime" : 114.0,
    "pct3ResTime" : 151.23999999999978,
    "throughput" : 20.41259500542888,
    "receivedKBytesPerSec" : 19.017447459909796,
    "sentKBytesPerSec" : 3.667888165038002
  },
  "yield-curves" : {
    "transaction" : "yield-curves",
    "sampleCount" : 243,
    "errorCount" : 243,
    "errorPct" : 100.0,
    "meanResTime" : 98.40740740740743,
    "medianResTime" : 92.0,
    "minResTime" : 79.0,
    "maxResTime" : 854.0,
    "pct1ResTime" : 108.0,
    "pct2ResTime" : 113.59999999999997,
    "pct3ResTime" : 190.0400000000002,
    "throughput" : 4.064088841316564,
    "receivedKBytesPerSec" : 3.7869072419805323,
    "sentKBytesPerSec" : 0.9644273324608643
  },
  "appraiser-5-tickers-dinamico" : {
    "transaction" : "appraiser-5-tickers-dinamico",
    "sampleCount" : 603,
    "errorCount" : 603,
    "errorPct" : 100.0,
    "meanResTime" : 93.268656716418,
    "medianResTime" : 91.0,
    "minResTime" : 79.0,
    "maxResTime" : 248.0,
    "pct1ResTime" : 106.0,
    "pct2ResTime" : 108.79999999999995,
    "pct3ResTime" : 122.96000000000004,
    "throughput" : 10.309630870762023,
    "receivedKBytesPerSec" : 9.616274668099985,
    "sentKBytesPerSec" : 11.643031301825985
  },
  "bond-payment-forecast-cashflow" : {
    "transaction" : "bond-payment-forecast-cashflow",
    "sampleCount" : 1233,
    "errorCount" : 1233,
    "errorPct" : 100.0,
    "meanResTime" : 96.17437145174355,
    "medianResTime" : 93.0,
    "minResTime" : 78.0,
    "maxResTime" : 881.0,
    "pct1ResTime" : 109.0,
    "pct2ResTime" : 117.0,
    "pct3ResTime" : 143.64000000000033,
    "throughput" : 20.57812343536166,
    "receivedKBytesPerSec" : 19.19125082925832,
    "sentKBytesPerSec" : 10.590499072691012
  },
  "investments-metrics" : {
    "transaction" : "investments-metrics",
    "sampleCount" : 503,
    "errorCount" : 503,
    "errorPct" : 100.0,
    "meanResTime" : 96.74155069582514,
    "medianResTime" : 93.0,
    "minResTime" : 79.0,
    "maxResTime" : 656.0,
    "pct1ResTime" : 110.60000000000002,
    "pct2ResTime" : 116.0,
    "pct3ResTime" : 155.83999999999992,
    "throughput" : 8.40982427981475,
    "receivedKBytesPerSec" : 7.834215539365669,
    "sentKBytesPerSec" : 1.2236951344652323
  },
  "investments-exchange-rate-sensitivity" : {
    "transaction" : "investments-exchange-rate-sensitivity",
    "sampleCount" : 25,
    "errorCount" : 25,
    "errorPct" : 100.0,
    "meanResTime" : 97.84,
    "medianResTime" : 95.0,
    "minResTime" : 83.0,
    "maxResTime" : 136.0,
    "pct1ResTime" : 119.40000000000005,
    "pct2ResTime" : 134.8,
    "pct3ResTime" : 136.0,
    "throughput" : 0.4291624465692754,
    "receivedKBytesPerSec" : 0.39955694341922304,
    "sentKBytesPerSec" : 0.07795333502137229
  },
  "bond-laws" : {
    "transaction" : "bond-laws",
    "sampleCount" : 30,
    "errorCount" : 30,
    "errorPct" : 100.0,
    "meanResTime" : 95.4,
    "medianResTime" : 94.5,
    "minResTime" : 80.0,
    "maxResTime" : 116.0,
    "pct1ResTime" : 108.9,
    "pct2ResTime" : 116.0,
    "pct3ResTime" : 116.0,
    "throughput" : 0.5761253648793978,
    "receivedKBytesPerSec" : 0.5368730735808112,
    "sentKBytesPerSec" : 0.07707927244968504
  },
  "yield-curves-uuid-metrics" : {
    "transaction" : "yield-curves-uuid-metrics",
    "sampleCount" : 595,
    "errorCount" : 595,
    "errorPct" : 100.0,
    "meanResTime" : 95.16134453781514,
    "medianResTime" : 91.0,
    "minResTime" : 79.0,
    "maxResTime" : 848.0,
    "pct1ResTime" : 107.0,
    "pct2ResTime" : 112.0,
    "pct3ResTime" : 126.15999999999985,
    "throughput" : 9.943347983756412,
    "receivedKBytesPerSec" : 9.266401301826567,
    "sentKBytesPerSec" : 2.485836995939103
  },
  "investments" : {
    "transaction" : "investments",
    "sampleCount" : 1242,
    "errorCount" : 1242,
    "errorPct" : 100.0,
    "meanResTime" : 95.28341384863131,
    "medianResTime" : 92.0,
    "minResTime" : 78.0,
    "maxResTime" : 664.0,
    "pct1ResTime" : 108.0,
    "pct2ResTime" : 113.0,
    "pct3ResTime" : 141.84999999999968,
    "throughput" : 20.75430710358772,
    "receivedKBytesPerSec" : 19.356280444245776,
    "sentKBytesPerSec" : 8.917866333572848
  },
  "currencies-uuid" : {
    "transaction" : "currencies-uuid",
    "sampleCount" : 1234,
    "errorCount" : 1234,
    "errorPct" : 100.0,
    "meanResTime" : 96.20016207455426,
    "medianResTime" : 93.0,
    "minResTime" : 78.0,
    "maxResTime" : 883.0,
    "pct1ResTime" : 110.0,
    "pct2ResTime" : 116.0,
    "pct3ResTime" : 146.6500000000001,
    "throughput" : 20.554676438744067,
    "receivedKBytesPerSec" : 19.15062892999917,
    "sentKBytesPerSec" : 4.717137659282086
  },
  "instrument-issuers" : {
    "transaction" : "instrument-issuers",
    "sampleCount" : 31,
    "errorCount" : 31,
    "errorPct" : 100.0,
    "meanResTime" : 124.4193548387097,
    "medianResTime" : 93.0,
    "minResTime" : 81.0,
    "maxResTime" : 719.0,
    "pct1ResTime" : 206.80000000000007,
    "pct2ResTime" : 424.3999999999993,
    "pct3ResTime" : 719.0,
    "throughput" : 0.5203350286184265,
    "receivedKBytesPerSec" : 0.4852242161404569,
    "sentKBytesPerSec" : 0.0741883927522366
  },
  "investments-price-sensitivity" : {
    "transaction" : "investments-price-sensitivity",
    "sampleCount" : 120,
    "errorCount" : 120,
    "errorPct" : 100.0,
    "meanResTime" : 99.92499999999998,
    "medianResTime" : 92.0,
    "minResTime" : 79.0,
    "maxResTime" : 660.0,
    "pct1ResTime" : 108.0,
    "pct2ResTime" : 118.74999999999994,
    "pct3ResTime" : 558.5699999999962,
    "throughput" : 2.042379371968343,
    "receivedKBytesPerSec" : 1.9020488947749128,
    "sentKBytesPerSec" : 0.3610065100842481
  },
  "bonds-coupons" : {
    "transaction" : "bonds-coupons",
    "sampleCount" : 262,
    "errorCount" : 262,
    "errorPct" : 100.0,
    "meanResTime" : 99.07633587786256,
    "medianResTime" : 93.0,
    "minResTime" : 78.0,
    "maxResTime" : 882.0,
    "pct1ResTime" : 111.40000000000003,
    "pct2ResTime" : 119.69999999999999,
    "pct3ResTime" : 175.22000000000003,
    "throughput" : 4.383469968211477,
    "receivedKBytesPerSec" : 4.086269501840388,
    "sentKBytesPerSec" : 0.7619703655680107
  },
  "markets-uuid" : {
    "transaction" : "markets-uuid",
    "sampleCount" : 1225,
    "errorCount" : 1225,
    "errorPct" : 100.0,
    "meanResTime" : 96.8612244897959,
    "medianResTime" : 93.0,
    "minResTime" : 77.0,
    "maxResTime" : 879.0,
    "pct1ResTime" : 110.0,
    "pct2ResTime" : 119.0,
    "pct3ResTime" : 148.22000000000003,
    "throughput" : 20.42415552369202,
    "receivedKBytesPerSec" : 19.027842761095734,
    "sentKBytesPerSec" : 3.430619873120144
  },
  "tradable-securities-params" : {
    "transaction" : "tradable-securities-params",
    "sampleCount" : 1247,
    "errorCount" : 1247,
    "errorPct" : 100.0,
    "meanResTime" : 94.96391339214111,
    "medianResTime" : 92.0,
    "minResTime" : 78.0,
    "maxResTime" : 669.0,
    "pct1ResTime" : 108.0,
    "pct2ResTime" : 113.0,
    "pct3ResTime" : 135.0,
    "throughput" : 20.826026688043825,
    "receivedKBytesPerSec" : 19.40491679818628,
    "sentKBytesPerSec" : 4.0472454208210165
  },
  "debt-types" : {
    "transaction" : "debt-types",
    "sampleCount" : 31,
    "errorCount" : 31,
    "errorPct" : 100.0,
    "meanResTime" : 129.48387096774195,
    "medianResTime" : 96.0,
    "minResTime" : 80.0,
    "maxResTime" : 882.0,
    "pct1ResTime" : 199.40000000000003,
    "pct2ResTime" : 482.99999999999903,
    "pct3ResTime" : 882.0,
    "throughput" : 0.5198028102887421,
    "receivedKBytesPerSec" : 0.484007417669942,
    "sentKBytesPerSec" : 0.07005155060531876
  },