{
  "tradable-securities-uuid" : {
    "transaction" : "tradable-securities-uuid",
    "sampleCount" : 1193,
    "errorCount" : 1193,
    "errorPct" : 100.0,
    "meanResTime" : 99.28164291701589,
    "medianResTime" : 93.0,
    "minResTime" : 79.0,
    "maxResTime" : 3024.0,
    "pct1ResTime" : 110.0,
    "pct2ResTime" : 116.0,
    "pct3ResTime" : 153.23999999999978,
    "throughput" : 19.92684026791829,
    "receivedKBytesPerSec" : 18.556220795612088,
    "sentKBytesPerSec" : 3.5806041106415676
  },
  "yield-curves" : {
    "transaction" : "yield-curves",
    "sampleCount" : 243,
    "errorCount" : 243,
    "errorPct" : 100.0,
    "meanResTime" : 99.65843621399178,
    "medianResTime" : 94.0,
    "minResTime" : 80.0,
    "maxResTime" : 776.0,
    "pct1ResTime" : 110.6,
    "pct2ResTime" : 118.39999999999995,
    "pct3ResTime" : 155.60000000000008,
    "throughput" : 4.063477199377937,
    "receivedKBytesPerSec" : 3.7873334580525406,
    "sentKBytesPerSec" : 0.9642821869617565
  },
  "appraiser-5-tickers-dinamico" : {
    "transaction" : "appraiser-5-tickers-dinamico",
    "sampleCount" : 602,
    "errorCount" : 602,
    "errorPct" : 100.0,
    "meanResTime" : 95.62790697674416,
    "medianResTime" : 93.0,
    "minResTime" : 80.0,
    "maxResTime" : 258.0,
    "pct1ResTime" : 109.0,
    "pct2ResTime" : 112.0,
    "pct3ResTime" : 124.97000000000003,
    "throughput" : 10.342754058929645,
    "receivedKBytesPerSec" : 9.646585210677777,
    "sentKBytesPerSec" : 11.68059686667812
  },
  "bond-payment-forecast-cashflow" : {
    "transaction" : "bond-payment-forecast-cashflow",
    "sampleCount" : 1140,
    "errorCount" : 1140,
    "errorPct" : 100.0,
    "meanResTime" : 103.93333333333332,
    "medianResTime" : 94.0,
    "minResTime" : 80.0,
    "maxResTime" : 6026.0,
    "pct1ResTime" : 113.0,
    "pct2ResTime" : 124.0,
    "pct3ResTime" : 160.0,
    "throughput" : 19.040301972508477,
    "receivedKBytesPerSec" : 17.746515280259885,
    "sentKBytesPerSec" : 9.799061659679655
  },
  "investments-metrics" : {
    "transaction" : "investments-metrics",
    "sampleCount" : 506,
    "errorCount" : 506,
    "errorPct" : 100.0,
    "meanResTime" : 98.05731225296444,
    "medianResTime" : 94.0,
    "minResTime" : 79.0,
    "maxResTime" : 700.0,
    "pct1ResTime" : 111.0,
    "pct2ResTime" : 116.0,
    "pct3ResTime" : 162.72000000000003,
    "throughput" : 8.445861361018844,
    "receivedKBytesPerSec" : 7.867513243603011,
    "sentKBytesPerSec" : 1.2289388113201247
  },
  "investments-exchange-rate-sensitivity" : {
    "transaction" : "investments-exchange-rate-sensitivity",
    "sampleCount" : 25,
    "errorCount" : 25,
    "errorPct" : 100.0,
    "meanResTime" : 223.56000000000003,
    "medianResTime" : 96.0,
    "minResTime" : 81.0,
    "maxResTime" : 3246.0,
    "pct1ResTime" : 119.80000000000003,
    "pct2ResTime" : 2310.299999999998,
    "pct3ResTime" : 3246.0,
    "throughput" : 0.4207266791201764,
    "receivedKBytesPerSec" : 0.3829763204506824,
    "sentKBytesPerSec" : 0.07642105694956329
  },
  "bond-laws" : {
    "transaction" : "bond-laws",
    "sampleCount" : 30,
    "errorCount" : 30,
    "errorPct" : 100.0,
    "meanResTime" : 104.66666666666666,
    "medianResTime" : 93.5,
    "minResTime" : 82.0,
    "maxResTime" : 406.0,
    "pct1ResTime" : 109.80000000000001,
    "pct2ResTime" : 244.8499999999998,
    "pct3ResTime" : 406.0,
    "throughput" : 0.5107078410677198,
    "receivedKBytesPerSec" : 0.4764112826001839,
    "sentKBytesPerSec" : 0.06832712326784925
  },
  "yield-curves-uuid-metrics" : {
    "transaction" : "yield-curves-uuid-metrics",
    "sampleCount" : 599,
    "errorCount" : 599,
    "errorPct" : 100.0,
    "meanResTime" : 96.96327212020033,
    "medianResTime" : 93.0,
    "minResTime" : 81.0,
    "maxResTime" : 772.0,
    "pct1ResTime" : 109.0,
    "pct2ResTime" : 113.0,
    "pct3ResTime" : 130.0,
    "throughput" : 10.008688677984226,
    "receivedKBytesPerSec" : 9.324908909863321,
    "sentKBytesPerSec" : 2.5021721694960566
  },
  "investments" : {
    "transaction" : "investments",
    "sampleCount" : 966,
    "errorCount" : 966,
    "errorPct" : 100.0,
    "meanResTime" : 122.76293995859223,
    "medianResTime" : 93.0,
    "minResTime" : 78.0,
    "maxResTime" : 9042.0,
    "pct1ResTime" : 109.0,
    "pct2ResTime" : 116.0,
    "pct3ResTime" : 162.33000000000004,
    "throughput" : 16.126339688157323,
    "receivedKBytesPerSec" : 15.006623448507563,
    "sentKBytesPerSec" : 6.9292865847551
  },
  "currencies-uuid" : {
    "transaction" : "currencies-uuid",
    "sampleCount" : 1114,
    "errorCount" : 1114,
    "errorPct" : 100.0,
    "meanResTime" : 106.39138240574503,
    "medianResTime" : 94.0,
    "minResTime" : 78.0,
    "maxResTime" : 8535.0,
    "pct1ResTime" : 115.0,
    "pct2ResTime" : 124.0,
    "pct3ResTime" : 167.89999999999873,
    "throughput" : 18.58308172218793,
    "receivedKBytesPerSec" : 17.306775281707175,
    "sentKBytesPerSec" : 4.2646720749161755
  },
  "instrument-issuers" : {
    "transaction" : "instrument-issuers",
    "sampleCount" : 30,
    "errorCount" : 30,
    "errorPct" : 100.0,
    "meanResTime" : 97.83333333333331,
    "medianResTime" : 95.0,
    "minResTime" : 86.0,
    "maxResTime" : 137.0,
    "pct1ResTime" : 109.9,
    "pct2ResTime" : 133.7,
    "pct3ResTime" : 137.0,
    "throughput" : 0.5576519136754837,
    "receivedKBytesPerSec" : 0.5194041082681191,
    "sentKBytesPerSec" : 0.07950896425451234
  },
  "investments-price-sensitivity" : {
    "transaction" : "investments-price-sensitivity",
    "sampleCount" : 120,
    "errorCount" : 120,
    "errorPct" : 100.0,
    "meanResTime" : 102.3166666666667,
    "medianResTime" : 93.5,
    "minResTime" : 81.0,
    "maxResTime" : 696.0,
    "pct1ResTime" : 111.0,
    "pct2ResTime" : 133.89999999999998,
    "pct3ResTime" : 583.8599999999958,
    "throughput" : 2.0524749427017412,
    "receivedKBytesPerSec" : 1.912519803176205,
    "sentKBytesPerSec" : 0.3627909810830226
  },
  "bonds-coupons" : {
    "transaction" : "bonds-coupons",
    "sampleCount" : 261,
    "errorCount" : 261,
    "errorPct" : 100.0,
    "meanResTime" : 98.82375478927204,
    "medianResTime" : 94.0,
    "minResTime" : 79.0,
    "maxResTime" : 659.0,
    "pct1ResTime" : 111.80000000000001,
    "pct2ResTime" : 122.89999999999998,
    "pct3ResTime" : 142.14,
    "throughput" : 4.3663008565310495,
    "receivedKBytesPerSec" : 4.066499959222765,
    "sentKBytesPerSec" : 0.7589858910766862
  },
  "markets-uuid" : {
    "transaction" : "markets-uuid",
    "sampleCount" : 1144,
    "errorCount" : 1144,
    "errorPct" : 100.0,
    "meanResTime" : 103.7036713286713,
    "medianResTime" : 95.0,
    "minResTime" : 77.0,
    "maxResTime" : 6032.0,
    "pct1ResTime" : 113.0,
    "pct2ResTime" : 122.0,
    "pct3ResTime" : 152.29999999999973,
    "throughput" : 19.06507791017415,
    "receivedKBytesPerSec" : 17.757423209524205,
    "sentKBytesPerSec" : 3.2023373052245643
  },
  "tradable-securities-params" : {
    "transaction" : "tradable-securities-params",
    "sampleCount" : 1222,
    "errorCount" : 1222,
    "errorPct" : 100.0,
    "meanResTime" : 96.92307692307692,
    "medianResTime" : 94.0,
    "minResTime" : 79.0,
    "maxResTime" : 696.0,
    "pct1ResTime" : 109.0,
    "pct2ResTime" : 113.0,
    "pct3ResTime" : 150.8499999999999,
    "throughput" : 20.412254034009287,
    "receivedKBytesPerSec" : 19.01941353919587,
    "sentKBytesPerSec" : 3.9668345241873517
  },
  "debt-types" : {
    "transaction" : "debt-types",
    "sampleCount" : 31,
    "errorCount" : 31,
    "errorPct" : 100.0,
    "meanResTime" : 304.03225806451604,
    "medianResTime" : 95.0,
    "minResTime" : 79.0,
    "maxResTime" : 6542.0,
    "pct1ResTime" : 115.4,
    "pct2ResTime" : 2687.599999999991,
    "pct3ResTime" : 6542.0,
    "throughput" : 0.5319879187259748,
    "receivedKBytesPerSec" : 0.48643779388042285,
    "sentKBytesPerSec" : 0.07169368435955518
  },