{
  "yield-curves" : {
    "transaction" : "yield-curves",
    "sampleCount" : 243,
    "errorCount" : 243,
    "errorPct" : 100.0,
    "meanResTime" : 46.77366255144033,
    "medianResTime" : 41.0,
    "minResTime" : 32.0,
    "maxResTime" : 656.0,
    "pct1ResTime" : 56.0,
    "pct2ResTime" : 64.79999999999998,
    "pct3ResTime" : 106.04000000000002,
    "throughput" : 4.064088841316564,
    "receivedKBytesPerSec" : 3.7853719717938854,
    "sentKBytesPerSec" : 0.9644273324608643
  },
  "tradable-securities-uuid" : {
    "transaction" : "tradable-securities-uuid",
    "sampleCount" : 3249,
    "errorCount" : 3249,
    "errorPct" : 100.0,
    "meanResTime" : 36.33210218528772,
    "medianResTime" : 33.0,
    "minResTime" : 21.0,
    "maxResTime" : 594.0,
    "pct1ResTime" : 48.0,
    "pct2ResTime" : 56.0,
    "pct3ResTime" : 76.0,
    "throughput" : 54.29841566949663,
    "receivedKBytesPerSec" : 50.58527161742095,
    "sentKBytesPerSec" : 9.756746565612675
  },
  "appraiser-5-tickers-dinamico" : {
    "transaction" : "appraiser-5-tickers-dinamico",
    "sampleCount" : 606,
    "errorCount" : 606,
    "errorPct" : 100.0,
    "meanResTime" : 43.255775577557685,
    "medianResTime" : 41.0,
    "minResTime" : 32.0,
    "maxResTime" : 145.0,
    "pct1ResTime" : 54.0,
    "pct2ResTime" : 60.0,
    "pct3ResTime" : 77.0,
    "throughput" : 10.440895229234506,
    "receivedKBytesPerSec" : 9.737038661248084,
    "sentKBytesPerSec" : 11.790493465825882
  },
  "bond-payment-forecast-cashflow" : {
    "transaction" : "bond-payment-forecast-cashflow",
    "sampleCount" : 2485,
    "errorCount" : 2485,
    "errorPct" : 100.0,
    "meanResTime" : 47.28008048289737,
    "medianResTime" : 44.0,
    "minResTime" : 22.0,
    "maxResTime" : 641.0,
    "pct1ResTime" : 67.0,
    "pct2ResTime" : 79.0,
    "pct3ResTime" : 112.27999999999975,
    "throughput" : 41.51699941525353,
    "receivedKBytesPerSec" : 38.68107692548659,
    "sentKBytesPerSec" : 21.366658878748645
  },
  "investments-metrics" : {
    "transaction" : "investments-metrics",
    "sampleCount" : 505,
    "errorCount" : 505,
    "errorPct" : 100.0,
    "meanResTime" : 37.255445544554455,
    "medianResTime" : 32.0,
    "minResTime" : 21.0,
    "maxResTime" : 603.0,
    "pct1ResTime" : 50.0,
    "pct2ResTime" : 61.39999999999998,
    "pct3ResTime" : 86.94,
    "throughput" : 8.435505963318077,
    "receivedKBytesPerSec" : 7.858533798399759,
    "sentKBytesPerSec" : 1.2274320200531186
  },
  "bond-laws" : {
    "transaction" : "bond-laws",
    "sampleCount" : 30,
    "errorCount" : 30,
    "errorPct" : 100.0,
    "meanResTime" : 41.733333333333334,
    "medianResTime" : 38.5,
    "minResTime" : 25.0,
    "maxResTime" : 101.0,
    "pct1ResTime" : 56.7,
    "pct2ResTime" : 85.59999999999998,
    "pct3ResTime" : 101.0,
    "throughput" : 0.5428194039842944,
    "receivedKBytesPerSec" : 0.5049528029836973,
    "sentKBytesPerSec" : 0.07262329916586752
  },
  "investments-exchange-rate-sensitivity" : {
    "transaction" : "investments-exchange-rate-sensitivity",
    "sampleCount" : 25,
    "errorCount" : 25,
    "errorPct" : 100.0,
    "meanResTime" : 35.64,
    "medianResTime" : 34.0,
    "minResTime" : 27.0,
    "maxResTime" : 56.0,
    "pct1ResTime" : 46.60000000000001,
    "pct2ResTime" : 53.89999999999999,
    "pct3ResTime" : 56.0,
    "throughput" : 0.4343067595504056,
    "receivedKBytesPerSec" : 0.4051776694664976,
    "sentKBytesPerSec" : 0.0788877512464604
  },
  "yield-curves-uuid-metrics" : {
    "transaction" : "yield-curves-uuid-metrics",
    "sampleCount" : 603,
    "errorCount" : 603,
    "errorPct" : 100.0,
    "meanResTime" : 44.99170812603645,
    "medianResTime" : 41.0,
    "minResTime" : 32.0,
    "maxResTime" : 664.0,
    "pct1ResTime" : 54.0,
    "pct2ResTime" : 63.0,
    "pct3ResTime" : 96.0,
    "throughput" : 10.07687165775401,
    "receivedKBytesPerSec" : 9.388594193892045,
    "sentKBytesPerSec" : 2.5192179144385025
  },
  "investments" : {
    "transaction" : "investments",
    "sampleCount" : 1405,
    "errorCount" : 1405,
    "errorPct" : 100.0,
    "meanResTime" : 37.08469750889682,
    "medianResTime" : 33.0,
    "minResTime" : 21.0,
    "maxResTime" : 601.0,
    "pct1ResTime" : 50.0,
    "pct2ResTime" : 60.0,
    "pct3ResTime" : 83.88000000000011,
    "throughput" : 23.512676763450756,
    "receivedKBytesPerSec" : 21.920776111831646,
    "sentKBytesPerSec" : 10.103103296795247
  },
  "currencies-uuid" : {
    "transaction" : "currencies-uuid",
    "sampleCount" : 2469,
    "errorCount" : 2469,
    "errorPct" : 100.0,
    "meanResTime" : 47.67800729040095,
    "medianResTime" : 43.0,
    "minResTime" : 22.0,
    "maxResTime" : 650.0,
    "pct1ResTime" : 68.0,
    "pct2ResTime" : 80.0,
    "pct3ResTime" : 111.30000000000018,
    "throughput" : 41.185694268365914,
    "receivedKBytesPerSec" : 38.334639369745446,
    "sentKBytesPerSec" : 9.451795071353507
  },
  "instrument-issuers" : {
    "transaction" : "instrument-issuers",
    "sampleCount" : 30,
    "errorCount" : 30,
    "errorPct" : 100.0,
    "meanResTime" : 45.933333333333344,
    "medianResTime" : 45.0,
    "minResTime" : 30.0,
    "maxResTime" : 79.0,
    "pct1ResTime" : 67.0,
    "pct2ResTime" : 74.05,
    "pct3ResTime" : 79.0,
    "throughput" : 0.5402582434403645,
    "receivedKBytesPerSec" : 0.5022713356984638,
    "sentKBytesPerSec" : 0.07702900736552071
  },
  "investments-price-sensitivity" : {
    "transaction" : "investments-price-sensitivity",
    "sampleCount" : 121,
    "errorCount" : 121,
    "errorPct" : 100.0,
    "meanResTime" : 41.727272727272705,
    "medianResTime" : 34.0,
    "minResTime" : 23.0,
    "maxResTime" : 604.0,
    "pct1ResTime" : 52.599999999999994,
    "pct2ResTime" : 67.99999999999991,
    "pct3ResTime" : 496.20000000000056,
    "throughput" : 2.0261219022103147,
    "receivedKBytesPerSec" : 1.886325639442398,
    "sentKBytesPerSec" : 0.35813287529303417
  },
  "bonds-coupons" : {
    "transaction" : "bonds-coupons",
    "sampleCount" : 261,
    "errorCount" : 261,
    "errorPct" : 100.0,
    "meanResTime" : 44.93486590038316,
    "medianResTime" : 36.0,
    "minResTime" : 24.0,
    "maxResTime" : 646.0,
    "pct1ResTime" : 67.0,
    "pct2ResTime" : 82.69999999999993,
    "pct3ResTime" : 129.25999999999988,
    "throughput" : 4.370395177494976,
    "receivedKBytesPerSec" : 4.0677458347287345,
    "sentKBytesPerSec" : 0.759697599212994
  },
  "markets-uuid" : {
    "transaction" : "markets-uuid",
    "sampleCount" : 2494,
    "errorCount" : 2494,
    "errorPct" : 100.0,
    "meanResTime" : 47.255012028869295,
    "medianResTime" : 43.0,
    "minResTime" : 22.0,
    "maxResTime" : 646.0,
    "pct1ResTime" : 67.0,
    "pct2ResTime" : 78.25,
    "pct3ResTime" : 113.0,
    "throughput" : 41.60688665710186,
    "receivedKBytesPerSec" : 38.724249847769514,
    "sentKBytesPerSec" : 6.988656743185079
  },
  "tradable-securities-params" : {
    "transaction" : "tradable-securities-params",
    "sampleCount" : 3238,
    "errorCount" : 3238,
    "errorPct" : 100.0,
    "meanResTime" : 36.44935145151322,
    "medianResTime" : 34.0,
    "minResTime" : 21.0,
    "maxResTime" : 607.0,
    "pct1ResTime" : 48.09999999999991,
    "pct2ResTime" : 55.0,
    "pct3ResTime" : 78.0,
    "throughput" : 54.062176511837585,
    "receivedKBytesPerSec" : 50.360503425843994,
    "sentKBytesPerSec" : 10.506223755718436
  },
  "debt-types" : {
    "transaction" : "debt-types",
    "sampleCount" : 30,
    "errorCount" : 30,
    "errorPct" : 100.0,
    "meanResTime" : 48.633333333333326,
    "medianResTime" : 40.5,
    "minResTime" : 25.0,
    "maxResTime" : 185.0,
    "pct1ResTime" : 63.900000000000006,
    "pct2ResTime" : 123.94999999999992,
    "pct3ResTime" : 185.0,
    "throughput" : 0.546448087431694,
    "receivedKBytesPerSec" : 0.5089509335154827,
    "sentKBytesPerSec" : 0.07364241803278689
  },
  "tradable-securities-metrics" : {
    "transaction" : "tradable-securities-metrics",
    "sampleCount" : 3240,