{
  "Total" : {
    "transaction" : "Total",
    "sampleCount" : 30,
    "errorCount" : 30,
    "errorPct" : 100.0,
    "meanResTime" : 141.4333333333333,
    "medianResTime" : 118.0,
    "minResTime" : 107.0,
    "maxResTime" : 588.0,
    "pct1ResTime" : 178.3000000000001,
    "pct2ResTime" : 409.2499999999998,
    "pct3ResTime" : 588.0,
    "throughput" : 0.517393028991256,
    "receivedKBytesPerSec" : 0.48278226484486836,
    "sentKBytesPerSec" : 0.22231731714468034
  },
  "investments-1-TPS" : {
    "transaction" : "investments-1-TPS",
    "sampleCount" : 30,
    "errorCount" : 30,
    "errorPct" : 100.0,
    "meanResTime" : 141.4333333333333,
    "medianResTime" : 118.0,
    "minResTime" : 107.0,
    "maxResTime" : 588.0,
    "pct1ResTime" : 178.3000000000001,
    "pct2ResTime" : 409.2499999999998,
    "pct3ResTime" : 588.0,
    "throughput" : 0.517393028991256,
    "receivedKBytesPerSec" : 0.48278226484486836,
    "sentKBytesPerSec" : 0.22231731714468034
  }
}