{
  "yield-curves" : {
    "transaction" : "yield-curves",
    "sampleCount" : 243,
    "errorCount" : 243,
    "errorPct" : 100.0,
    "meanResTime" : 50.378600823045254,
    "medianResTime" : 44.0,
    "minResTime" : 34.0,
    "maxResTime" : 753.0,
    "pct1ResTime" : 61.599999999999994,
    "pct2ResTime" : 68.59999999999997,
    "pct3ResTime" : 102.60000000000002,
    "throughput" : 4.062254467644059,
    "receivedKBytesPerSec" : 3.7862754465554422,
    "sentKBytesPerSec" : 0.9639920269897524
  },
  "tradable-securities-uuid" : {
    "transaction" : "tradable-securities-uuid",
    "sampleCount" : 1037,
    "errorCount" : 1037,
    "errorPct" : 100.0,
    "meanResTime" : 114.36451301832221,
    "medianResTime" : 112.0,
    "minResTime" : 98.0,
    "maxResTime" : 744.0,
    "pct1ResTime" : 123.0,
    "pct2ResTime" : 130.0999999999999,
    "pct3ResTime" : 148.23999999999978,
    "throughput" : 17.3182584879507,
    "receivedKBytesPerSec" : 16.13594251010371,
    "sentKBytesPerSec" : 3.1118745720536416
  },
  "appraiser-5-tickers-dinamico" : {
    "transaction" : "appraiser-5-tickers-dinamico",
    "sampleCount" : 602,
    "errorCount" : 602,
    "errorPct" : 100.0,
    "meanResTime" : 46.60465116279074,
    "medianResTime" : 44.0,
    "minResTime" : 34.0,
    "maxResTime" : 129.0,
    "pct1ResTime" : 58.700000000000045,
    "pct2ResTime" : 65.85000000000002,
    "pct3ResTime" : 89.94000000000005,
    "throughput" : 10.33174867420667,
    "receivedKBytesPerSec" : 9.63373953631558,
    "sentKBytesPerSec" : 11.668318768556816
  },
  "bond-payment-forecast-cashflow" : {
    "transaction" : "bond-payment-forecast-cashflow",
    "sampleCount" : 1030,
    "errorCount" : 1030,
    "errorPct" : 100.0,
    "meanResTime" : 115.19029126213603,
    "medianResTime" : 112.0,
    "minResTime" : 98.0,
    "maxResTime" : 777.0,
    "pct1ResTime" : 125.0,
    "pct2ResTime" : 135.0,
    "pct3ResTime" : 173.13999999999965,
    "throughput" : 17.184137206159594,
    "receivedKBytesPerSec" : 16.027948727039156,
    "sentKBytesPerSec" : 8.84378936293565
  },
  "investments-metrics" : {
    "transaction" : "investments-metrics",
    "sampleCount" : 503,
    "errorCount" : 503,
    "errorPct" : 100.0,
    "meanResTime" : 115.80318091451292,
    "medianResTime" : 112.0,
    "minResTime" : 99.0,
    "maxResTime" : 749.0,
    "pct1ResTime" : 125.0,
    "pct2ResTime" : 134.79999999999995,
    "pct3ResTime" : 169.87999999999994,
    "throughput" : 8.396627994324348,
    "receivedKBytesPerSec" : 7.824547069318087,
    "sentKBytesPerSec" : 1.221774971830398
  },
  "investments-exchange-rate-sensitivity" : {
    "transaction" : "investments-exchange-rate-sensitivity",
    "sampleCount" : 24,
    "errorCount" : 24,
    "errorPct" : 100.0,
    "meanResTime" : 143.70833333333334,
    "medianResTime" : 112.5,
    "minResTime" : 106.0,
    "maxResTime" : 749.0,
    "pct1ResTime" : 171.0,
    "pct2ResTime" : 608.75,
    "pct3ResTime" : 749.0,
    "throughput" : 0.4438444325263995,
    "receivedKBytesPerSec" : 0.4130520026168328,
    "sentKBytesPerSec" : 0.08062018012686553
  },
  "bond-laws" : {
    "transaction" : "bond-laws",
    "sampleCount" : 30,
    "errorCount" : 30,
    "errorPct" : 100.0,
    "meanResTime" : 111.00000000000001,
    "medianResTime" : 109.0,
    "minResTime" : 103.0,
    "maxResTime" : 125.0,
    "pct1ResTime" : 120.80000000000001,
    "pct2ResTime" : 124.45,
    "pct3ResTime" : 125.0,
    "throughput" : 0.5794861889124976,
    "receivedKBytesPerSec" : 0.5401935544234112,
    "sentKBytesPerSec" : 0.07752891394630095
  },
  "yield-curves-uuid-metrics" : {
    "transaction" : "yield-curves-uuid-metrics",
    "sampleCount" : 603,
    "errorCount" : 603,
    "errorPct" : 100.0,
    "meanResTime" : 48.51741293532338,
    "medianResTime" : 45.0,
    "minResTime" : 34.0,
    "maxResTime" : 759.0,
    "pct1ResTime" : 59.60000000000002,
    "pct2ResTime" : 67.0,
    "pct3ResTime" : 85.96000000000004,
    "throughput" : 10.074514652320646,
    "receivedKBytesPerSec" : 9.383755027859458,
    "sentKBytesPerSec" : 2.518628663080162
  },
  "investments" : {
    "transaction" : "investments",
    "sampleCount" : 1038,
    "errorCount" : 1038,
    "errorPct" : 100.0,
    "meanResTime" : 114.1724470134875,
    "medianResTime" : 112.0,
    "minResTime" : 98.0,
    "maxResTime" : 752.0,
    "pct1ResTime" : 123.0,
    "pct2ResTime" : 129.0,
    "pct3ResTime" : 152.2199999999998,
    "throughput" : 17.3285921770922,
    "receivedKBytesPerSec" : 16.163958943715464,
    "sentKBytesPerSec" : 7.445879451094306
  },
  "currencies-uuid" : {
    "transaction" : "currencies-uuid",
    "sampleCount" : 1027,
    "errorCount" : 1027,
    "errorPct" : 100.0,
    "meanResTime" : 115.59298928919178,
    "medianResTime" : 112.0,
    "minResTime" : 99.0,
    "maxResTime" : 771.0,
    "pct1ResTime" : 125.0,
    "pct2ResTime" : 134.5999999999999,
    "pct3ResTime" : 177.0400000000002,
    "throughput" : 17.109252657181887,
    "receivedKBytesPerSec" : 15.941659655815812,
    "sentKBytesPerSec" : 3.926439818786859
  },
  "instrument-issuers" : {
    "transaction" : "instrument-issuers",
    "sampleCount" : 30,
    "errorCount" : 30,
    "errorPct" : 100.0,
    "meanResTime" : 110.5,
    "medianResTime" : 110.0,
    "minResTime" : 103.0,
    "maxResTime" : 129.0,
    "pct1ResTime" : 119.9,
    "pct2ResTime" : 125.14999999999999,
    "pct3ResTime" : 129.0,
    "throughput" : 0.5434585703416542,
    "receivedKBytesPerSec" : 0.5053704745751966,
    "sentKBytesPerSec" : 0.07748530397449369
  },
  "investments-price-sensitivity" : {
    "transaction" : "investments-price-sensitivity",
    "sampleCount" : 120,
    "errorCount" : 120,
    "errorPct" : 100.0,
    "meanResTime" : 118.65833333333332,
    "medianResTime" : 113.0,
    "minResTime" : 101.0,
    "maxResTime" : 665.0,
    "pct1ResTime" : 122.9,
    "pct2ResTime" : 125.0,
    "pct3ResTime" : 562.099999999996,
    "throughput" : 2.0169084155503643,
    "receivedKBytesPerSec" : 1.8805110446745215,
    "sentKBytesPerSec" : 0.3565043195455233
  },
  "bonds-coupons" : {
    "transaction" : "bonds-coupons",
    "sampleCount" : 264,
    "errorCount" : 264,
    "errorPct" : 100.0,
    "meanResTime" : 117.51893939393939,
    "medianResTime" : 112.0,
    "minResTime" : 100.0,
    "maxResTime" : 770.0,
    "pct1ResTime" : 126.0,
    "pct2ResTime" : 135.75,
    "pct3ResTime" : 195.0,
    "throughput" : 4.413756206844666,
    "receivedKBytesPerSec" : 4.112214187342216,
    "sentKBytesPerSec" : 0.7672349656429204
  },
  "markets-uuid" : {
    "transaction" : "markets-uuid",
    "sampleCount" : 1034,
    "errorCount" : 1034,
    "errorPct" : 100.0,
    "meanResTime" : 114.78336557059957,
    "medianResTime" : 112.0,
    "minResTime" : 98.0,
    "maxResTime" : 770.0,
    "pct1ResTime" : 125.0,
    "pct2ResTime" : 133.25,
    "pct3ResTime" : 172.6500000000001,
    "throughput" : 17.21611721611722,
    "receivedKBytesPerSec" : 16.039250463078588,
    "sentKBytesPerSec" : 2.8917696886446884
  },
  "tradable-securities-params" : {
    "transaction" : "tradable-securities-params",
    "sampleCount" : 1035,
    "errorCount" : 1035,
    "errorPct" : 100.0,
    "meanResTime" : 114.47342995169086,
    "medianResTime" : 112.0,
    "minResTime" : 97.0,
    "maxResTime" : 751.0,
    "pct1ResTime" : 124.39999999999998,
    "pct2ResTime" : 130.0,
    "pct3ResTime" : 156.2000000000005,
    "throughput" : 17.29265521619996,
    "receivedKBytesPerSec" : 16.112334905266323,
    "sentKBytesPerSec" : 3.3605843633044845
  },
  "debt-types" : {
    "transaction" : "debt-types",
    "sampleCount" : 30,
    "errorCount" : 30,
    "errorPct" : 100.0,
    "meanResTime" : 132.23333333333335,
    "medianResTime" : 112.0,
    "minResTime" : 102.0,
    "maxResTime" : 644.0,
    "pct1ResTime" : 133.20000000000002,
    "pct2ResTime" : 376.14999999999964,
    "pct3ResTime" : 644.0,
    "throughput" : 0.52997915415327,
    "receivedKBytesPerSec" : 0.493922629668233,