{
  "yield-curves" : {
    "transaction" : "yield-curves",
    "sampleCount" : 243,
    "errorCount" : 243,
    "errorPct" : 100.0,
    "meanResTime" : 99.89300411522632,
    "medianResTime" : 95.0,
    "minResTime" : 81.0,
    "maxResTime" : 802.0,
    "pct1ResTime" : 111.0,
    "pct2ResTime" : 116.0,
    "pct3ResTime" : 145.08000000000004,
    "throughput" : 4.0573708904509855,
    "receivedKBytesPerSec" : 3.7808431410812977,
    "sentKBytesPerSec" : 0.962833131230068
  },
  "tradable-securities-uuid" : {
    "transaction" : "tradable-securities-uuid",
    "sampleCount" : 1252,
    "errorCount" : 1252,
    "errorPct" : 100.0,
    "meanResTime" : 94.68130990415327,
    "medianResTime" : 92.0,
    "minResTime" : 77.0,
    "maxResTime" : 669.0,
    "pct1ResTime" : 107.0,
    "pct2ResTime" : 111.0,
    "pct3ResTime" : 136.47000000000003,
    "throughput" : 20.91616826489358,
    "receivedKBytesPerSec" : 19.48711886360219,
    "sentKBytesPerSec" : 3.7583739850980655
  },
  "appraiser-5-tickers-dinamico" : {
    "transaction" : "appraiser-5-tickers-dinamico",
    "sampleCount" : 592,
    "errorCount" : 592,
    "errorPct" : 100.0,
    "meanResTime" : 97.02364864864873,
    "medianResTime" : 95.0,
    "minResTime" : 80.0,
    "maxResTime" : 182.0,
    "pct1ResTime" : 110.0,
    "pct2ResTime" : 114.35000000000002,
    "pct3ResTime" : 129.2800000000002,
    "throughput" : 10.145846544071022,
    "receivedKBytesPerSec" : 9.460433528209567,
    "sentKBytesPerSec" : 11.457726353493634
  },
  "bond-payment-forecast-cashflow" : {
    "transaction" : "bond-payment-forecast-cashflow",
    "sampleCount" : 1199,
    "errorCount" : 1199,
    "errorPct" : 100.0,
    "meanResTime" : 98.76897414512086,
    "medianResTime" : 94.0,
    "minResTime" : 78.0,
    "maxResTime" : 817.0,
    "pct1ResTime" : 112.0,
    "pct2ResTime" : 122.0,
    "pct3ResTime" : 177.0,
    "throughput" : 20.02304570731952,
    "receivedKBytesPerSec" : 18.675695728820493,
    "sentKBytesPerSec" : 10.304829187263072
  },
  "investments-metrics" : {
    "transaction" : "investments-metrics",
    "sampleCount" : 507,
    "errorCount" : 507,
    "errorPct" : 100.0,
    "meanResTime" : 94.72781065088752,
    "medianResTime" : 90.0,
    "minResTime" : 78.0,
    "maxResTime" : 661.0,
    "pct1ResTime" : 106.0,
    "pct2ResTime" : 110.0,
    "pct3ResTime" : 156.64000000000027,
    "throughput" : 8.46481342349111,
    "receivedKBytesPerSec" : 7.88577275857751,
    "sentKBytesPerSec" : 1.2316964844728273
  },
  "bond-laws" : {
    "transaction" : "bond-laws",
    "sampleCount" : 30,
    "errorCount" : 30,
    "errorPct" : 100.0,
    "meanResTime" : 101.5,
    "medianResTime" : 94.0,
    "minResTime" : 82.0,
    "maxResTime" : 205.0,
    "pct1ResTime" : 122.9,
    "pct2ResTime" : 161.54999999999995,
    "pct3ResTime" : 205.0,
    "throughput" : 0.5266206751277055,
    "receivedKBytesPerSec" : 0.4899697961100286,
    "sentKBytesPerSec" : 0.07045608641845279
  },
  "investments-exchange-rate-sensitivity" : {
    "transaction" : "investments-exchange-rate-sensitivity",
    "sampleCount" : 25,
    "errorCount" : 25,
    "errorPct" : 100.0,
    "meanResTime" : 96.84000000000002,
    "medianResTime" : 99.0,
    "minResTime" : 78.0,
    "maxResTime" : 137.0,
    "pct1ResTime" : 115.4,
    "pct2ResTime" : 130.7,
    "pct3ResTime" : 137.0,
    "throughput" : 0.42442659966385415,
    "receivedKBytesPerSec" : 0.3951643751167173,
    "sentKBytesPerSec" : 0.07709311282956725
  },
  "yield-curves-uuid-metrics" : {
    "transaction" : "yield-curves-uuid-metrics",
    "sampleCount" : 600,
    "errorCount" : 600,
    "errorPct" : 100.0,
    "meanResTime" : 97.88833333333338,
    "medianResTime" : 94.0,
    "minResTime" : 79.0,
    "maxResTime" : 799.0,
    "pct1ResTime" : 108.89999999999998,
    "pct2ResTime" : 114.0,
    "pct3ResTime" : 132.0,
    "throughput" : 10.02590024229259,
    "receivedKBytesPerSec" : 9.341368195964575,
    "sentKBytesPerSec" : 2.5064750605731474
  },
  "investments" : {
    "transaction" : "investments",
    "sampleCount" : 1257,
    "errorCount" : 1257,
    "errorPct" : 100.0,
    "meanResTime" : 94.321400159109,
    "medianResTime" : 92.0,
    "minResTime" : 77.0,
    "maxResTime" : 661.0,
    "pct1ResTime" : 106.0,
    "pct2ResTime" : 109.09999999999991,
    "pct3ResTime" : 130.0,
    "throughput" : 20.98707716966641,
    "receivedKBytesPerSec" : 19.57465350243764,
    "sentKBytesPerSec" : 9.017884721341035
  },
  "instrument-issuers" : {
    "transaction" : "instrument-issuers",
    "sampleCount" : 30,
    "errorCount" : 30,
    "errorPct" : 100.0,
    "meanResTime" : 125.33333333333334,
    "medianResTime" : 91.0,
    "minResTime" : 80.0,
    "maxResTime" : 827.0,
    "pct1ResTime" : 154.10000000000005,
    "pct2ResTime" : 474.99999999999955,
    "pct3ResTime" : 827.0,
    "throughput" : 0.5052801778586226,
    "receivedKBytesPerSec" : 0.4711178429168141,
    "sentKBytesPerSec" : 0.07204190035874893
  },
  "currencies-uuid" : {
    "transaction" : "currencies-uuid",
    "sampleCount" : 1200,
    "errorCount" : 1200,
    "errorPct" : 100.0,
    "meanResTime" : 98.75583333333326,
    "medianResTime" : 94.0,
    "minResTime" : 79.0,
    "maxResTime" : 820.0,
    "pct1ResTime" : 112.0,
    "pct2ResTime" : 122.0,
    "pct3ResTime" : 170.92000000000007,
    "throughput" : 20.029042111061038,
    "receivedKBytesPerSec" : 18.662379460634586,
    "sentKBytesPerSec" : 4.596508687597016
  },
  "investments-price-sensitivity" : {
    "transaction" : "investments-price-sensitivity",
    "sampleCount" : 120,
    "errorCount" : 120,
    "errorPct" : 100.0,
    "meanResTime" : 99.46666666666665,
    "medianResTime" : 90.5,
    "minResTime" : 79.0,
    "maxResTime" : 661.0,
    "pct1ResTime" : 110.80000000000001,
    "pct2ResTime" : 113.94999999999999,
    "pct3ResTime" : 563.5599999999963,
    "throughput" : 2.0152487152789442,
    "receivedKBytesPerSec" : 1.877011968688073,
    "sentKBytesPerSec" : 0.3562109545561415
  },
  "bonds-coupons" : {
    "transaction" : "bonds-coupons",
    "sampleCount" : 260,
    "errorCount" : 260,
    "errorPct" : 100.0,
    "meanResTime" : 102.99615384615382,
    "medianResTime" : 95.0,
    "minResTime" : 80.0,
    "maxResTime" : 818.0,
    "pct1ResTime" : 115.0,
    "pct2ResTime" : 152.74999999999994,
    "pct3ResTime" : 202.55999999999995,
    "throughput" : 4.367472409332953,
    "receivedKBytesPerSec" : 4.069308427541953,
    "sentKBytesPerSec" : 0.7591895399035796
  },
  "markets-uuid" : {
    "transaction" : "markets-uuid",
    "sampleCount" : 1203,
    "errorCount" : 1203,
    "errorPct" : 100.0,
    "meanResTime" : 98.61512884455519,
    "medianResTime" : 94.0,
    "minResTime" : 78.0,
    "maxResTime" : 828.0,
    "pct1ResTime" : 112.0,
    "pct2ResTime" : 121.0,
    "pct3ResTime" : 180.96000000000004,
    "throughput" : 20.06237179594083,
    "receivedKBytesPerSec" : 18.691995480546336,
    "sentKBytesPerSec" : 3.3698515125994364
  },
  "tradable-securities-params" : {
    "transaction" : "tradable-securities-params",
    "sampleCount" : 1264,
    "errorCount" : 1264,
    "errorPct" : 100.0,
    "meanResTime" : 93.8180379746836,
    "medianResTime" : 91.0,
    "minResTime" : 78.0,
    "maxResTime" : 660.0,
    "pct1ResTime" : 105.0,
    "pct2ResTime" : 109.0,
    "pct3ResTime" : 129.04999999999973,
    "throughput" : 21.09972289920876,
    "receivedKBytesPerSec" : 19.654473649342304,
    "sentKBytesPerSec" : 4.100434430607953
  },
  "debt-types" : {
    "transaction" : "debt-types",
    "sampleCount" : 30,
    "errorCount" : 30,
    "errorPct" : 100.0,
    "meanResTime" : 108.26666666666667,
    "medianResTime" : 95.0,
    "minResTime" : 82.0,
    "maxResTime" : 468.0,
    "pct1ResTime" : 109.0,
    "pct2ResTime" : 274.39999999999975,
    "pct3ResTime" : 468.0,
    "throughput" : 0.5455537370430987,
    "receivedKBytesPerSec" : 0.5081357121749409,
    "sentKBytesPerSec" : 0.07352189034369885
  },