{
  "Total" : {
    "transaction" : "Total",
    "sampleCount" : 30,
    "errorCount" : 30,
    "errorPct" : 100.0,
    "meanResTime" : 127.3666666666667,
    "medianResTime" : 101.0,
    "minResTime" : 90.0,
    "maxResTime" : 629.0,
    "pct1ResTime" : 130.9,
    "pct2ResTime" : 435.39999999999975,
    "pct3ResTime" : 629.0,
    "throughput" : 0.5174733501224688,
    "receivedKBytesPerSec" : 0.48275614391796323,
    "sentKBytesPerSec" : 0.22235183013074827
  },
  "investments-1-TPS" : {
    "transaction" : "investments-1-TPS",
    "sampleCount" : 30,
    "errorCount" : 30,
    "errorPct" : 100.0,
    "meanResTime" : 127.3666666666667,
    "medianResTime" : 101.0,
    "minResTime" : 90.0,
    "maxResTime" : 629.0,
    "pct1ResTime" : 130.9,
    "pct2ResTime" : 435.39999999999975,
    "pct3ResTime" : 629.0,
    "throughput" : 0.5174733501224688,
    "receivedKBytesPerSec" : 0.48275614391796323,
    "sentKBytesPerSec" : 0.22235183013074827
  }
}