{
  "yield-curves" : {
    "transaction" : "yield-curves",
    "sampleCount" : 244,
    "errorCount" : 244,
    "errorPct" : 100.0,
    "meanResTime" : 97.56967213114754,
    "medianResTime" : 92.0,
    "minResTime" : 79.0,
    "maxResTime" : 822.0,
    "pct1ResTime" : 107.0,
    "pct2ResTime" : 113.0,
    "pct3ResTime" : 148.25000000000017,
    "throughput" : 4.077676392927572,
    "receivedKBytesPerSec" : 3.7982435388047726,
    "sentKBytesPerSec" : 0.9676517221498044
  },
  "tradable-securities-uuid" : {
    "transaction" : "tradable-securities-uuid",
    "sampleCount" : 3297,
    "errorCount" : 3297,
    "errorPct" : 100.0,
    "meanResTime" : 35.7306642402184,
    "medianResTime" : 33.0,
    "minResTime" : 21.0,
    "maxResTime" : 693.0,
    "pct1ResTime" : 48.0,
    "pct2ResTime" : 55.0,
    "pct3ResTime" : 78.01999999999998,
    "throughput" : 55.10705510705511,
    "receivedKBytesPerSec" : 51.33541726733691,
    "sentKBytesPerSec" : 9.902048964548964
  },
  "appraiser-5-tickers-dinamico" : {
    "transaction" : "appraiser-5-tickers-dinamico",
    "sampleCount" : 604,
    "errorCount" : 604,
    "errorPct" : 100.0,
    "meanResTime" : 94.49006622516546,
    "medianResTime" : 93.0,
    "minResTime" : 79.0,
    "maxResTime" : 204.0,
    "pct1ResTime" : 107.0,
    "pct2ResTime" : 110.75,
    "pct3ResTime" : 122.95000000000005,
    "throughput" : 10.349199821801857,
    "receivedKBytesPerSec" : 9.649699826085467,
    "sentKBytesPerSec" : 11.688480277192351
  },
  "bond-payment-forecast-cashflow" : {
    "transaction" : "bond-payment-forecast-cashflow",
    "sampleCount" : 1232,
    "errorCount" : 1232,
    "errorPct" : 100.0,
    "meanResTime" : 96.28571428571409,
    "medianResTime" : 93.0,
    "minResTime" : 79.0,
    "maxResTime" : 748.0,
    "pct1ResTime" : 109.70000000000005,
    "pct2ResTime" : 116.0,
    "pct3ResTime" : 141.34000000000015,
    "throughput" : 20.56280668958841,
    "receivedKBytesPerSec" : 19.177080247312816,
    "sentKBytesPerSec" : 10.582616333411222
  },
  "investments-metrics" : {
    "transaction" : "investments-metrics",
    "sampleCount" : 504,
    "errorCount" : 504,
    "errorPct" : 100.0,
    "meanResTime" : 36.7599206349206,
    "medianResTime" : 32.0,
    "minResTime" : 22.0,
    "maxResTime" : 638.0,
    "pct1ResTime" : 50.0,
    "pct2ResTime" : 57.0,
    "pct3ResTime" : 93.74999999999994,
    "throughput" : 8.430067239822032,
    "receivedKBytesPerSec" : 7.85186566462048,
    "sentKBytesPerSec" : 1.2266406432944168
  },
  "bond-laws" : {
    "transaction" : "bond-laws",
    "sampleCount" : 32,
    "errorCount" : 32,
    "errorPct" : 100.0,
    "meanResTime" : 115.09375,
    "medianResTime" : 93.0,
    "minResTime" : 81.0,
    "maxResTime" : 745.0,
    "pct1ResTime" : 112.7,
    "pct2ResTime" : 336.14999999999867,
    "pct3ResTime" : 745.0,
    "throughput" : 0.5343129069961596,
    "receivedKBytesPerSec" : 0.49827678869594255,
    "sentKBytesPerSec" : 0.0714852229086659
  },
  "investments-exchange-rate-sensitivity" : {
    "transaction" : "investments-exchange-rate-sensitivity",
    "sampleCount" : 25,
    "errorCount" : 25,
    "errorPct" : 100.0,
    "meanResTime" : 59.44,
    "medianResTime" : 34.0,
    "minResTime" : 26.0,
    "maxResTime" : 683.0,
    "pct1ResTime" : 43.400000000000006,
    "pct2ResTime" : 491.29999999999956,
    "pct3ResTime" : 683.0,
    "throughput" : 0.4180462191899937,
    "receivedKBytesPerSec" : 0.38994240890772885,
    "sentKBytesPerSec" : 0.07593417653255743
  },
  "yield-curves-uuid-metrics" : {
    "transaction" : "yield-curves-uuid-metrics",
    "sampleCount" : 597,
    "errorCount" : 597,
    "errorPct" : 100.0,
    "meanResTime" : 95.48241206030147,
    "medianResTime" : 92.0,
    "minResTime" : 79.0,
    "maxResTime" : 791.0,
    "pct1ResTime" : 106.20000000000005,
    "pct2ResTime" : 111.10000000000002,
    "pct3ResTime" : 137.07999999999993,
    "throughput" : 9.976604278074866,
    "receivedKBytesPerSec" : 9.29674770742814,
    "sentKBytesPerSec" : 2.4941510695187166
  },
  "investments" : {
    "transaction" : "investments",
    "sampleCount" : 1406,
    "errorCount" : 1406,
    "errorPct" : 100.0,
    "meanResTime" : 36.383357041251855,
    "medianResTime" : 32.0,
    "minResTime" : 21.0,
    "maxResTime" : 687.0,
    "pct1ResTime" : 50.0,
    "pct2ResTime" : 59.0,
    "pct3ResTime" : 86.0,
    "throughput" : 23.514851485148515,
    "receivedKBytesPerSec" : 21.929913674697282,
    "sentKBytesPerSec" : 10.104037747524751
  },
  "currencies-uuid" : {
    "transaction" : "currencies-uuid",
    "sampleCount" : 1233,
    "errorCount" : 1233,
    "errorPct" : 100.0,
    "meanResTime" : 96.26277372262777,
    "medianResTime" : 93.0,
    "minResTime" : 78.0,
    "maxResTime" : 765.0,
    "pct1ResTime" : 109.0,
    "pct2ResTime" : 115.0,
    "pct3ResTime" : 134.0,
    "throughput" : 20.555481461723126,
    "receivedKBytesPerSec" : 19.15315438283542,
    "sentKBytesPerSec" : 4.717322405766538
  },
  "instrument-issuers" : {
    "transaction" : "instrument-issuers",
    "sampleCount" : 30,
    "errorCount" : 30,
    "errorPct" : 100.0,
    "meanResTime" : 94.43333333333332,
    "medianResTime" : 93.0,
    "minResTime" : 81.0,
    "maxResTime" : 112.0,
    "pct1ResTime" : 106.0,
    "pct2ResTime" : 108.69999999999999,
    "pct3ResTime" : 112.0,
    "throughput" : 0.5544466622310934,
    "receivedKBytesPerSec" : 0.5170142931729135,
    "sentKBytesPerSec" : 0.07905196551341762
  },
  "investments-price-sensitivity" : {
    "transaction" : "investments-price-sensitivity",
    "sampleCount" : 120,
    "errorCount" : 120,
    "errorPct" : 100.0,
    "meanResTime" : 40.68333333333333,
    "medianResTime" : 32.5,
    "minResTime" : 21.0,
    "maxResTime" : 685.0,
    "pct1ResTime" : 48.0,
    "pct2ResTime" : 61.0,
    "pct3ResTime" : 558.9999999999952,
    "throughput" : 2.028569013608317,
    "receivedKBytesPerSec" : 1.8888407573324317,
    "sentKBytesPerSec" : 0.35856542135068886
  },
  "bonds-coupons" : {
    "transaction" : "bonds-coupons",
    "sampleCount" : 262,
    "errorCount" : 262,
    "errorPct" : 100.0,
    "meanResTime" : 98.25954198473283,
    "medianResTime" : 94.0,
    "minResTime" : 79.0,
    "maxResTime" : 458.0,
    "pct1ResTime" : 109.0,
    "pct2ResTime" : 115.0,
    "pct3ResTime" : 196.0,
    "throughput" : 4.392656551261631,
    "receivedKBytesPerSec" : 4.091607767834688,
    "sentKBytesPerSec" : 0.7635672520747757
  },
  "markets-uuid" : {
    "transaction" : "markets-uuid",
    "sampleCount" : 1236,
    "errorCount" : 1236,
    "errorPct" : 100.0,
    "meanResTime" : 96.0744336569579,
    "medianResTime" : 93.0,
    "minResTime" : 79.0,
    "maxResTime" : 751.0,
    "pct1ResTime" : 109.0,
    "pct2ResTime" : 114.0,
    "pct3ResTime" : 138.66999999999894,
    "throughput" : 20.590391150796297,
    "receivedKBytesPerSec" : 19.18754646269241,
    "sentKBytesPerSec" : 3.4585422636103154
  },
  "tradable-securities-params" : {
    "transaction" : "tradable-securities-params",
    "sampleCount" : 3306,
    "errorCount" : 3306,
    "errorPct" : 100.0,
    "meanResTime" : 35.646702964307245,
    "medianResTime" : 33.0,
    "minResTime" : 21.0,
    "maxResTime" : 692.0,
    "pct1ResTime" : 48.0,
    "pct2ResTime" : 55.0,
    "pct3ResTime" : 76.0,
    "throughput" : 55.236249415224215,
    "receivedKBytesPerSec" : 51.455194296974206,
    "sentKBytesPerSec" : 10.734388314091426
  },
  "debt-types" : {
    "transaction" : "debt-types",
    "sampleCount" : 30,
    "errorCount" : 30,
    "errorPct" : 100.0,
    "meanResTime" : 119.53333333333332,
    "medianResTime" : 92.0,
    "minResTime" : 82.0,
    "maxResTime" : 687.0,
    "pct1ResTime" : 165.60000000000008,
    "pct2ResTime" : 409.7999999999996,
    "pct3ResTime" : 687.0,
    "throughput" : 0.5389770216129786,
    "receivedKBytesPerSec" : 0.5023960616499883,
    "sentKBytesPerSec" : 0.07263557517831157
  },
  "tradable-securities-metrics" : {
    "transaction" : "tradable-securities-metrics",
    "sampleCount" : 3304,