{
  "Total" : {
    "transaction" : "Total",
    "sampleCount" : 30,
    "errorCount" : 30,
    "errorPct" : 100.0,
    "meanResTime" : 21.166666666666668,
    "medianResTime" : 1.0,
    "minResTime" : 0.0,
    "maxResTime" : 332.0,
    "pct1ResTime" : 117.10000000000025,
    "pct2ResTime" : 230.2499999999999,
    "pct3ResTime" : 332.0,
    "throughput" : 0.5183495749533485,
    "receivedKBytesPerSec" : 1.1475571156437903,
    "sentKBytesPerSec" : 0.0
  },
  "investments-1-TPS" : {
    "transaction" : "investments-1-TPS",
    "sampleCount" : 30,
    "errorCount" : 30,
    "errorPct" : 100.0,
    "meanResTime" : 21.166666666666668,
    "medianResTime" : 1.0,
    "minResTime" : 0.0,
    "maxResTime" : 332.0,
    "pct1ResTime" : 117.10000000000025,
    "pct2ResTime" : 230.2499999999999,
    "pct3ResTime" : 332.0,
    "throughput" : 0.5183495749533485,
    "receivedKBytesPerSec" : 1.1475571156437903,
    "sentKBytesPerSec" : 0.0
  }
}