{
  "yield-curves" : {
    "transaction" : "yield-curves",
    "sampleCount" : 242,
    "errorCount" : 242,
    "errorPct" : 100.0,
    "meanResTime" : 120.47933884297527,
    "medianResTime" : 113.0,
    "minResTime" : 99.0,
    "maxResTime" : 987.0,
    "pct1ResTime" : 128.0,
    "pct2ResTime" : 138.85,
    "pct3ResTime" : 225.04999999999956,
    "throughput" : 4.060266434012282,
    "receivedKBytesPerSec" : 3.782692773522701,
    "sentKBytesPerSec" : 0.9635202572900239
  },
  "tradable-securities-uuid" : {
    "transaction" : "tradable-securities-uuid",
    "sampleCount" : 1030,
    "errorCount" : 1030,
    "errorPct" : 100.0,
    "meanResTime" : 115.18252427184477,
    "medianResTime" : 112.0,
    "minResTime" : 98.0,
    "maxResTime" : 664.0,
    "pct1ResTime" : 125.0,
    "pct2ResTime" : 133.0,
    "pct3ResTime" : 153.37999999999988,
    "throughput" : 17.19475142733131,
    "receivedKBytesPerSec" : 16.021024444092017,
    "sentKBytesPerSec" : 3.089681897098594
  },
  "appraiser-5-tickers-dinamico" : {
    "transaction" : "appraiser-5-tickers-dinamico",
    "sampleCount" : 504,
    "errorCount" : 504,
    "errorPct" : 100.0,
    "meanResTime" : 114.64880952380963,
    "medianResTime" : 113.0,
    "minResTime" : 97.0,
    "maxResTime" : 201.0,
    "pct1ResTime" : 124.0,
    "pct2ResTime" : 129.0,
    "pct3ResTime" : 152.79999999999995,
    "throughput" : 8.63205850617432,
    "receivedKBytesPerSec" : 8.051326038972716,
    "sentKBytesPerSec" : 9.748765510730129
  },
  "bond-payment-forecast-cashflow" : {
    "transaction" : "bond-payment-forecast-cashflow",
    "sampleCount" : 1215,
    "errorCount" : 1215,
    "errorPct" : 100.0,
    "meanResTime" : 97.60246913580256,
    "medianResTime" : 94.0,
    "minResTime" : 79.0,
    "maxResTime" : 709.0,
    "pct1ResTime" : 112.0,
    "pct2ResTime" : 119.0,
    "pct3ResTime" : 142.51999999999975,
    "throughput" : 20.282113346131375,
    "receivedKBytesPerSec" : 18.915838749895666,
    "sentKBytesPerSec" : 10.43815794278441
  },
  "investments-metrics" : {
    "transaction" : "investments-metrics",
    "sampleCount" : 505,
    "errorCount" : 505,
    "errorPct" : 100.0,
    "meanResTime" : 116.6594059405941,
    "medianResTime" : 112.0,
    "minResTime" : 101.0,
    "maxResTime" : 679.0,
    "pct1ResTime" : 125.40000000000003,
    "pct2ResTime" : 136.0,
    "pct3ResTime" : 175.57999999999998,
    "throughput" : 8.436069626808326,
    "receivedKBytesPerSec" : 7.8610002223864885,
    "sentKBytesPerSec" : 1.2275140374945708
  },
  "investments-exchange-rate-sensitivity" : {
    "transaction" : "investments-exchange-rate-sensitivity",
    "sampleCount" : 24,
    "errorCount" : 24,
    "errorPct" : 100.0,
    "meanResTime" : 128.00000000000003,
    "medianResTime" : 113.5,
    "minResTime" : 101.0,
    "maxResTime" : 470.0,
    "pct1ResTime" : 125.5,
    "pct2ResTime" : 384.0,
    "pct3ResTime" : 470.0,
    "throughput" : 0.4769285799451532,
    "receivedKBytesPerSec" : 0.4441319775644847,
    "sentKBytesPerSec" : 0.0866296053416001
  },
  "bond-laws" : {
    "transaction" : "bond-laws",
    "sampleCount" : 30,
    "errorCount" : 30,
    "errorPct" : 100.0,
    "meanResTime" : 95.80000000000001,
    "medianResTime" : 92.5,
    "minResTime" : 82.0,
    "maxResTime" : 136.0,
    "pct1ResTime" : 108.80000000000001,
    "pct2ResTime" : 134.9,
    "pct3ResTime" : 136.0,
    "throughput" : 0.5509945451540029,
    "receivedKBytesPerSec" : 0.5134903266020167,
    "sentKBytesPerSec" : 0.07371704363876798
  },
  "yield-curves-uuid-metrics" : {
    "transaction" : "yield-curves-uuid-metrics",
    "sampleCount" : 508,
    "errorCount" : 508,
    "errorPct" : 100.0,
    "meanResTime" : 117.25787401574796,
    "medianResTime" : 113.0,
    "minResTime" : 100.0,
    "maxResTime" : 987.0,
    "pct1ResTime" : 125.0,
    "pct2ResTime" : 132.0,
    "pct3ResTime" : 156.4599999999998,
    "throughput" : 8.483633934535737,
    "receivedKBytesPerSec" : 7.903078292000668,
    "sentKBytesPerSec" : 2.1209084836339342
  },
  "investments" : {
    "transaction" : "investments",
    "sampleCount" : 1027,
    "errorCount" : 1027,
    "errorPct" : 100.0,
    "meanResTime" : 115.41577409931843,
    "medianResTime" : 113.0,
    "minResTime" : 97.0,
    "maxResTime" : 668.0,
    "pct1ResTime" : 124.0,
    "pct2ResTime" : 135.0,
    "pct3ResTime" : 159.0,
    "throughput" : 17.15182791389014,
    "receivedKBytesPerSec" : 15.998160812999982,
    "sentKBytesPerSec" : 7.36992605674967
  },
  "currencies-uuid" : {
    "transaction" : "currencies-uuid",
    "sampleCount" : 1210,
    "errorCount" : 1210,
    "errorPct" : 100.0,
    "meanResTime" : 98.07520661157021,
    "medianResTime" : 95.0,
    "minResTime" : 80.0,
    "maxResTime" : 708.0,
    "pct1ResTime" : 111.0,
    "pct2ResTime" : 118.0,
    "pct3ResTime" : 139.8900000000001,
    "throughput" : 20.18112980969695,
    "receivedKBytesPerSec" : 18.802993707990726,
    "sentKBytesPerSec" : 4.631411626248812
  },
  "instrument-issuers" : {
    "transaction" : "instrument-issuers",
    "sampleCount" : 30,
    "errorCount" : 30,
    "errorPct" : 100.0,
    "meanResTime" : 106.73333333333333,
    "medianResTime" : 100.5,
    "minResTime" : 80.0,
    "maxResTime" : 253.0,
    "pct1ResTime" : 132.8,
    "pct2ResTime" : 200.74999999999994,
    "pct3ResTime" : 253.0,
    "throughput" : 0.5162978005713696,
    "receivedKBytesPerSec" : 0.48160904209548067,
    "sentKBytesPerSec" : 0.0736127723470898
  },
  "investments-price-sensitivity" : {
    "transaction" : "investments-price-sensitivity",
    "sampleCount" : 120,
    "errorCount" : 120,
    "errorPct" : 100.0,
    "meanResTime" : 120.04166666666663,
    "medianResTime" : 114.0,
    "minResTime" : 102.0,
    "maxResTime" : 665.0,
    "pct1ResTime" : 124.9,
    "pct2ResTime" : 138.79999999999995,
    "pct3ResTime" : 562.5199999999961,
    "throughput" : 2.0193861066235863,
    "receivedKBytesPerSec" : 1.8808819879173397,
    "sentKBytesPerSec" : 0.3569422707996769
  },
  "bonds-coupons" : {
    "transaction" : "bonds-coupons",
    "sampleCount" : 262,
    "errorCount" : 262,
    "errorPct" : 100.0,
    "meanResTime" : 101.07251908396941,
    "medianResTime" : 95.0,
    "minResTime" : 79.0,
    "maxResTime" : 712.0,
    "pct1ResTime" : 114.70000000000002,
    "pct2ResTime" : 130.85,
    "pct3ResTime" : 199.29000000000008,
    "throughput" : 4.386993067881183,
    "receivedKBytesPerSec" : 4.0881801827634705,
    "sentKBytesPerSec" : 0.7625827793777837
  },
  "markets-uuid" : {
    "transaction" : "markets-uuid",
    "sampleCount" : 1215,
    "errorCount" : 1215,
    "errorPct" : 100.0,
    "meanResTime" : 97.64609053497936,
    "medianResTime" : 94.0,
    "minResTime" : 78.0,
    "maxResTime" : 699.0,
    "pct1ResTime" : 111.0,
    "pct2ResTime" : 118.0,
    "pct3ResTime" : 141.0,
    "throughput" : 20.269932099898234,
    "receivedKBytesPerSec" : 18.88171806443002,
    "sentKBytesPerSec" : 3.404715157404781
  },
  "tradable-securities-params" : {
    "transaction" : "tradable-securities-params",
    "sampleCount" : 1023,
    "errorCount" : 1023,
    "errorPct" : 100.0,
    "meanResTime" : 115.99706744868037,
    "medianResTime" : 113.0,
    "minResTime" : 100.0,
    "maxResTime" : 687.0,
    "pct1ResTime" : 125.0,
    "pct2ResTime" : 133.79999999999995,
    "pct3ResTime" : 156.76,
    "throughput" : 17.075613420130196,
    "receivedKBytesPerSec" : 15.907177824027709,
    "sentKBytesPerSec" : 3.318405342388583
  },
  "debt-types" : {
    "transaction" : "debt-types",
    "sampleCount" : 30,
    "errorCount" : 30,
    "errorPct" : 100.0,
    "meanResTime" : 107.63333333333333,
    "medianResTime" : 94.5,
    "minResTime" : 83.0,
    "maxResTime" : 419.0,
    "pct1ResTime" : 125.60000000000001,
    "pct2ResTime" : 258.3999999999998,
    "pct3ResTime" : 419.0,
    "throughput" : 0.5302226935312832,
    "receivedKBytesPerSec" : 0.4950988920554967,
    "sentKBytesPerSec" : 0.07145579268292683
  },