{
  "yield-curves" : {
    "transaction" : "yield-curves",
    "sampleCount" : 241,
    "errorCount" : 241,
    "errorPct" : 100.0,
    "meanResTime" : 47.65975103734439,
    "medianResTime" : 42.0,
    "minResTime" : 34.0,
    "maxResTime" : 659.0,
    "pct1ResTime" : 55.80000000000001,
    "pct2ResTime" : 70.59999999999991,
    "pct3ResTime" : 114.57999999999998,
    "throughput" : 4.062573750042143,
    "receivedKBytesPerSec" : 3.783854561756178,
    "sentKBytesPerSec" : 0.9640677941994538
  },
  "tradable-securities-uuid" : {
    "transaction" : "tradable-securities-uuid",
    "sampleCount" : 3339,
    "errorCount" : 3339,
    "errorPct" : 100.0,
    "meanResTime" : 35.3126684636117,
    "medianResTime" : 32.0,
    "minResTime" : 19.0,
    "maxResTime" : 601.0,
    "pct1ResTime" : 49.0,
    "pct2ResTime" : 55.0,
    "pct3ResTime" : 75.0,
    "throughput" : 55.78201744127769,
    "receivedKBytesPerSec" : 51.89950526141034,
    "sentKBytesPerSec" : 10.023331258979585
  },
  "appraiser-5-tickers-dinamico" : {
    "transaction" : "appraiser-5-tickers-dinamico",
    "sampleCount" : 604,
    "errorCount" : 604,
    "errorPct" : 100.0,
    "meanResTime" : 44.19701986754966,
    "medianResTime" : 42.0,
    "minResTime" : 33.0,
    "maxResTime" : 125.0,
    "pct1ResTime" : 54.0,
    "pct2ResTime" : 59.0,
    "pct3ResTime" : 77.0,
    "throughput" : 10.401598126334642,
    "receivedKBytesPerSec" : 9.697900656342565,
    "sentKBytesPerSec" : 11.747121236093891
  },
  "bond-payment-forecast-cashflow" : {
    "transaction" : "bond-payment-forecast-cashflow",
    "sampleCount" : 2207,
    "errorCount" : 2207,
    "errorPct" : 100.0,
    "meanResTime" : 53.44041685545989,
    "medianResTime" : 50.0,
    "minResTime" : 33.0,
    "maxResTime" : 691.0,
    "pct1ResTime" : 70.0,
    "pct2ResTime" : 79.59999999999991,
    "pct3ResTime" : 117.92000000000007,
    "throughput" : 36.8644350905325,
    "receivedKBytesPerSec" : 34.37420724030367,
    "sentKBytesPerSec" : 18.972223918662724
  },
  "investments-metrics" : {
    "transaction" : "investments-metrics",
    "sampleCount" : 502,
    "errorCount" : 502,
    "errorPct" : 100.0,
    "meanResTime" : 36.964143426294875,
    "medianResTime" : 32.0,
    "minResTime" : 19.0,
    "maxResTime" : 613.0,
    "pct1ResTime" : 53.0,
    "pct2ResTime" : 64.0,
    "pct3ResTime" : 86.96999999999997,
    "throughput" : 8.417028554182526,
    "receivedKBytesPerSec" : 7.831477480885632,
    "sentKBytesPerSec" : 1.224743412669137
  },
  "bond-laws" : {
    "transaction" : "bond-laws",
    "sampleCount" : 30,
    "errorCount" : 30,
    "errorPct" : 100.0,
    "meanResTime" : 58.00000000000001,
    "medianResTime" : 52.0,
    "minResTime" : 36.0,
    "maxResTime" : 131.0,
    "pct1ResTime" : 102.70000000000007,
    "pct2ResTime" : 118.89999999999998,
    "pct3ResTime" : 131.0,
    "throughput" : 0.5458018739197671,
    "receivedKBytesPerSec" : 0.5079048883380333,
    "sentKBytesPerSec" : 0.07302232102246883
  },
  "investments-exchange-rate-sensitivity" : {
    "transaction" : "investments-exchange-rate-sensitivity",
    "sampleCount" : 24,
    "errorCount" : 24,
    "errorPct" : 100.0,
    "meanResTime" : 35.50000000000001,
    "medianResTime" : 33.0,
    "minResTime" : 23.0,
    "maxResTime" : 59.0,
    "pct1ResTime" : 51.5,
    "pct2ResTime" : 58.0,
    "pct3ResTime" : 59.0,
    "throughput" : 0.4396570674873599,
    "receivedKBytesPerSec" : 0.4087079005459075,
    "sentKBytesPerSec" : 0.07985958452407123
  },
  "yield-curves-uuid-metrics" : {
    "transaction" : "yield-curves-uuid-metrics",
    "sampleCount" : 604,
    "errorCount" : 604,
    "errorPct" : 100.0,
    "meanResTime" : 45.5298013245033,
    "medianResTime" : 43.0,
    "minResTime" : 33.0,
    "maxResTime" : 673.0,
    "pct1ResTime" : 54.0,
    "pct2ResTime" : 61.25,
    "pct3ResTime" : 85.85000000000014,
    "throughput" : 10.099321138347323,
    "receivedKBytesPerSec" : 9.408496978773034,
    "sentKBytesPerSec" : 2.5248302845868307
  },
  "investments" : {
    "transaction" : "investments",
    "sampleCount" : 1408,
    "errorCount" : 1408,
    "errorPct" : 100.0,
    "meanResTime" : 35.607244318181806,
    "medianResTime" : 32.0,
    "minResTime" : 19.0,
    "maxResTime" : 588.0,
    "pct1ResTime" : 49.0,
    "pct2ResTime" : 58.0,
    "pct3ResTime" : 81.0,
    "throughput" : 23.512908720483615,
    "receivedKBytesPerSec" : 21.89812816768812,
    "sentKBytesPerSec" : 10.103202965832805
  },
  "currencies-uuid" : {
    "transaction" : "currencies-uuid",
    "sampleCount" : 2211,
    "errorCount" : 2211,
    "errorPct" : 100.0,
    "meanResTime" : 53.37856173677069,
    "medianResTime" : 49.0,
    "minResTime" : 33.0,
    "maxResTime" : 684.0,
    "pct1ResTime" : 69.0,
    "pct2ResTime" : 80.0,
    "pct3ResTime" : 110.0,
    "throughput" : 36.90535803705558,
    "receivedKBytesPerSec" : 34.375961729051916,
    "sentKBytesPerSec" : 8.469491346394593
  },
  "instrument-issuers" : {
    "transaction" : "instrument-issuers",
    "sampleCount" : 30,
    "errorCount" : 30,
    "errorPct" : 100.0,
    "meanResTime" : 55.000000000000014,
    "medianResTime" : 47.5,
    "minResTime" : 35.0,
    "maxResTime" : 165.0,
    "pct1ResTime" : 72.0,
    "pct2ResTime" : 121.54999999999994,
    "pct3ResTime" : 165.0,
    "throughput" : 0.5147210212065061,
    "receivedKBytesPerSec" : 0.47968581107164915,
    "sentKBytesPerSec" : 0.07338795810170888
  },
  "investments-price-sensitivity" : {
    "transaction" : "investments-price-sensitivity",
    "sampleCount" : 120,
    "errorCount" : 120,
    "errorPct" : 100.0,
    "meanResTime" : 40.999999999999986,
    "medianResTime" : 32.0,
    "minResTime" : 20.0,
    "maxResTime" : 602.0,
    "pct1ResTime" : 54.900000000000006,
    "pct2ResTime" : 72.0,
    "pct3ResTime" : 492.79999999999586,
    "throughput" : 2.067789016594007,
    "receivedKBytesPerSec" : 1.9242823048954905,
    "sentKBytesPerSec" : 0.36549786328468287
  },
  "bonds-coupons" : {
    "transaction" : "bonds-coupons",
    "sampleCount" : 261,
    "errorCount" : 261,
    "errorPct" : 100.0,
    "meanResTime" : 57.53639846743295,
    "medianResTime" : 49.0,
    "minResTime" : 33.0,
    "maxResTime" : 683.0,
    "pct1ResTime" : 77.0,
    "pct2ResTime" : 89.79999999999995,
    "pct3ResTime" : 185.85999999999933,
    "throughput" : 4.370468360153385,
    "receivedKBytesPerSec" : 4.071329764187277,
    "sentKBytesPerSec" : 0.7597103204172876
  },
  "markets-uuid" : {
    "transaction" : "markets-uuid",
    "sampleCount" : 2221,
    "errorCount" : 2221,
    "errorPct" : 100.0,
    "meanResTime" : 53.1809995497524,
    "medianResTime" : 50.0,
    "minResTime" : 33.0,
    "maxResTime" : 679.0,
    "pct1ResTime" : 69.0,
    "pct2ResTime" : 80.0,
    "pct3ResTime" : 108.5600000000004,
    "throughput" : 37.07103752169849,
    "receivedKBytesPerSec" : 34.53205978142943,
    "sentKBytesPerSec" : 6.226775833722794
  },
  "tradable-securities-params" : {
    "transaction" : "tradable-securities-params",
    "sampleCount" : 3303,
    "errorCount" : 3303,
    "errorPct" : 100.0,
    "meanResTime" : 35.702089009991,
    "medianResTime" : 33.0,
    "minResTime" : 18.0,
    "maxResTime" : 601.0,
    "pct1ResTime" : 49.0,
    "pct2ResTime" : 56.0,
    "pct3ResTime" : 77.0,
    "throughput" : 55.16308432286186,
    "receivedKBytesPerSec" : 51.324746981311684,
    "sentKBytesPerSec" : 10.720169707274913
  },
  "debt-types" : {
    "transaction" : "debt-types",
    "sampleCount" : 30,
    "errorCount" : 30,
    "errorPct" : 100.0,
    "meanResTime" : 74.73333333333335,
    "medianResTime" : 51.0,
    "minResTime" : 38.0,
    "maxResTime" : 701.0,
    "pct1ResTime" : 78.0,
    "pct2ResTime" : 363.84999999999957,
    "pct3ResTime" : 701.0,
    "throughput" : 0.5556996258289186,
    "receivedKBytesPerSec" : 0.5186348949264624,
    "sentKBytesPerSec" : 0.07488920738710036
  },
  "tradable-securities-metrics" : {
    "transaction" : "tradable-securities-metrics",
    "sampleCount" : 3348,