{
  "yield-curves" : {
    "transaction" : "yield-curves",
    "sampleCount" : 242,
    "errorCount" : 242,
    "errorPct" : 100.0,
    "meanResTime" : 76.04132231404958,
    "medianResTime" : 71.0,
    "minResTime" : 54.0,
    "maxResTime" : 748.0,
    "pct1ResTime" : 82.70000000000002,
    "pct2ResTime" : 95.54999999999998,
    "pct3ResTime" : 193.2199999999997,
    "throughput" : 4.055707318708207,
    "receivedKBytesPerSec" : 3.2860479530828406,
    "sentKBytesPerSec" : 0.962438357857514
  },
  "tradable-securities-uuid" : {
    "transaction" : "tradable-securities-uuid",
    "sampleCount" : 1599,
    "errorCount" : 1599,
    "errorPct" : 100.0,
    "meanResTime" : 74.0325203252031,
    "medianResTime" : 71.0,
    "minResTime" : 53.0,
    "maxResTime" : 668.0,
    "pct1ResTime" : 85.0,
    "pct2ResTime" : 92.0,
    "pct3ResTime" : 135.0,
    "throughput" : 26.727956539908067,
    "receivedKBytesPerSec" : 21.64238795445048,
    "sentKBytesPerSec" : 4.80267969076473
  },
  "appraiser-5-tickers-dinamico" : {
    "transaction" : "appraiser-5-tickers-dinamico",
    "sampleCount" : 606,
    "errorCount" : 606,
    "errorPct" : 100.0,
    "meanResTime" : 73.37953795379542,
    "medianResTime" : 72.0,
    "minResTime" : 54.0,
    "maxResTime" : 179.0,
    "pct1ResTime" : 84.30000000000007,
    "pct2ResTime" : 89.64999999999998,
    "pct3ResTime" : 130.7199999999998,
    "throughput" : 10.358443156761192,
    "receivedKBytesPerSec" : 7.539143291797002,
    "sentKBytesPerSec" : 11.698418510589201
  },
  "bond-payment-forecast-cashflow" : {
    "transaction" : "bond-payment-forecast-cashflow",
    "sampleCount" : 1540,
    "errorCount" : 1540,
    "errorPct" : 100.0,
    "meanResTime" : 76.86948051948056,
    "medianResTime" : 74.0,
    "minResTime" : 52.0,
    "maxResTime" : 1104.0,
    "pct1ResTime" : 89.0,
    "pct2ResTime" : 97.94999999999982,
    "pct3ResTime" : 140.76999999999975,
    "throughput" : 25.72282817484842,
    "receivedKBytesPerSec" : 18.725144299428752,
    "sentKBytesPerSec" : 13.238213328266715
  },
  "investments-metrics" : {
    "transaction" : "investments-metrics",
    "sampleCount" : 506,
    "errorCount" : 506,
    "errorPct" : 100.0,
    "meanResTime" : 75.29841897233206,
    "medianResTime" : 71.0,
    "minResTime" : 52.0,
    "maxResTime" : 672.0,
    "pct1ResTime" : 86.0,
    "pct2ResTime" : 94.0,
    "pct3ResTime" : 154.0,
    "throughput" : 8.4574370288656,
    "receivedKBytesPerSec" : 6.848718065235922,
    "sentKBytesPerSec" : 1.230623161426733
  },
  "bond-laws" : {
    "transaction" : "bond-laws",
    "sampleCount" : 30,
    "errorCount" : 30,
    "errorPct" : 100.0,
    "meanResTime" : 101.46666666666665,
    "medianResTime" : 75.5,
    "minResTime" : 55.0,
    "maxResTime" : 829.0,
    "pct1ResTime" : 105.30000000000004,
    "pct2ResTime" : 452.7999999999995,
    "pct3ResTime" : 829.0,
    "throughput" : 0.50745107325902,
    "receivedKBytesPerSec" : 0.41025569190953837,
    "sentKBytesPerSec" : 0.0678914033559431
  },
  "investments-exchange-rate-sensitivity" : {
    "transaction" : "investments-exchange-rate-sensitivity",
    "sampleCount" : 24,
    "errorCount" : 24,
    "errorPct" : 100.0,
    "meanResTime" : 68.0,
    "medianResTime" : 65.5,
    "minResTime" : 53.0,
    "maxResTime" : 85.0,
    "pct1ResTime" : 79.5,
    "pct2ResTime" : 84.0,
    "pct3ResTime" : 85.0,
    "throughput" : 0.49411183397842373,
    "receivedKBytesPerSec" : 0.400138904615828,
    "sentKBytesPerSec" : 0.08975078234373712
  },
  "yield-curves-uuid-metrics" : {
    "transaction" : "yield-curves-uuid-metrics",
    "sampleCount" : 605,
    "errorCount" : 605,
    "errorPct" : 100.0,
    "meanResTime" : 73.94545454545464,
    "medianResTime" : 71.0,
    "minResTime" : 54.0,
    "maxResTime" : 739.0,
    "pct1ResTime" : 84.0,
    "pct2ResTime" : 89.0,
    "pct3ResTime" : 138.21999999999923,
    "throughput" : 10.115196201367642,
    "receivedKBytesPerSec" : 8.194758802728595,
    "sentKBytesPerSec" : 2.5287990503419104
  },
  "investments" : {
    "transaction" : "investments",
    "sampleCount" : 1407,
    "errorCount" : 1407,
    "errorPct" : 100.0,
    "meanResTime" : 73.53091684434973,
    "medianResTime" : 71.0,
    "minResTime" : 52.0,
    "maxResTime" : 677.0,
    "pct1ResTime" : 85.0,
    "pct2ResTime" : 90.0,
    "pct3ResTime" : 127.84000000000015,
    "throughput" : 23.517023517023517,
    "receivedKBytesPerSec" : 17.112883044802686,
    "sentKBytesPerSec" : 10.104971042471043
  },
  "currencies-uuid" : {
    "transaction" : "currencies-uuid",
    "sampleCount" : 1553,
    "errorCount" : 1553,
    "errorPct" : 100.0,
    "meanResTime" : 76.24468770122358,
    "medianResTime" : 74.0,
    "minResTime" : 55.0,
    "maxResTime" : 777.0,
    "pct1ResTime" : 89.0,
    "pct2ResTime" : 96.0,
    "pct3ResTime" : 131.76000000000022,
    "throughput" : 25.907081491367087,
    "receivedKBytesPerSec" : 20.985219524147134,
    "sentKBytesPerSec" : 5.945472803194595
  },
  "instrument-issuers" : {
    "transaction" : "instrument-issuers",
    "sampleCount" : 30,
    "errorCount" : 30,
    "errorPct" : 100.0,
    "meanResTime" : 73.90000000000003,
    "medianResTime" : 72.0,
    "minResTime" : 58.0,
    "maxResTime" : 106.0,
    "pct1ResTime" : 87.30000000000001,
    "pct2ResTime" : 103.25,
    "pct3ResTime" : 106.0,
    "throughput" : 0.5696490961567674,
    "receivedKBytesPerSec" : 0.46113391026127903,
    "sentKBytesPerSec" : 0.08121950003797661
  },
  "investments-price-sensitivity" : {
    "transaction" : "investments-price-sensitivity",
    "sampleCount" : 121,
    "errorCount" : 121,
    "errorPct" : 100.0,
    "meanResTime" : 80.54545454545459,
    "medianResTime" : 75.0,
    "minResTime" : 55.0,
    "maxResTime" : 677.0,
    "pct1ResTime" : 89.0,
    "pct2ResTime" : 100.59999999999997,
    "pct3ResTime" : 556.4400000000006,
    "throughput" : 2.0331692235309933,
    "receivedKBytesPerSec" : 1.6474538651219062,
    "sentKBytesPerSec" : 0.3593785443936619
  },
  "bonds-coupons" : {
    "transaction" : "bonds-coupons",
    "sampleCount" : 261,
    "errorCount" : 261,
    "errorPct" : 100.0,
    "meanResTime" : 81.05363984674325,
    "medianResTime" : 73.0,
    "minResTime" : 53.0,
    "maxResTime" : 821.0,
    "pct1ResTime" : 98.60000000000002,
    "pct2ResTime" : 110.89999999999998,
    "pct3ResTime" : 201.91999999999985,
    "throughput" : 4.370541545262735,
    "receivedKBytesPerSec" : 3.5413186769483236,
    "sentKBytesPerSec" : 0.7597230420476238
  },
  "markets-uuid" : {
    "transaction" : "markets-uuid",
    "sampleCount" : 1556,
    "errorCount" : 1556,
    "errorPct" : 100.0,
    "meanResTime" : 76.15102827763498,
    "medianResTime" : 74.0,
    "minResTime" : 54.0,
    "maxResTime" : 813.0,
    "pct1ResTime" : 88.0,
    "pct2ResTime" : 96.0,
    "pct3ResTime" : 142.43000000000006,
    "throughput" : 25.95193221808963,
    "receivedKBytesPerSec" : 21.016982743883116,
    "sentKBytesPerSec" : 4.359113614757242
  },
  "tradable-securities-params" : {
    "transaction" : "tradable-securities-params",
    "sampleCount" : 1589,
    "errorCount" : 1589,
    "errorPct" : 100.0,
    "meanResTime" : 74.45248584015108,
    "medianResTime" : 72.0,
    "minResTime" : 53.0,
    "maxResTime" : 676.0,
    "pct1ResTime" : 85.0,
    "pct2ResTime" : 91.0,
    "pct3ResTime" : 127.29999999999973,
    "throughput" : 26.556363332497703,
    "receivedKBytesPerSec" : 21.507713921617782,
    "sentKBytesPerSec" : 5.160855764811565
  },
  "debt-types" : {
    "transaction" : "debt-types",
    "sampleCount" : 30,
    "errorCount" : 30,
    "errorPct" : 100.0,
    "meanResTime" : 78.46666666666668,
    "medianResTime" : 74.5,
    "minResTime" : 60.0,
    "maxResTime" : 116.0,
    "pct1ResTime" : 104.10000000000002,
    "pct2ResTime" : 115.45,
    "pct3ResTime" : 116.0,
    "throughput" : 0.5355803906166315,
    "receivedKBytesPerSec" : 0.4338340638054772,
    "sentKBytesPerSec" : 0.07217782607919448
  },